Sample_name,block,plot,year,Precipitation,Warm,Clip,warm,precip,clip,total biomass,Bacterial biomass,Fungal biomass,F.Bratio,ER_annualmean,GPP_annualmean,NEE_annualmean,Heterotrophic,total_soil_respiration
X09_10S_H_C_1,B2,S10,2009,normal,unwarming,uncliping,0,1,0,40692.09544,38062.44953,872.5447339,0.056643571,5.441832296,11.63086135,6.189029059,NA,NA
X09_11S_N_C_0,B2,S11,2009,normal,unwarming,uncliping,0,1,0,34374.78615,31823.1017,950.9223521,0.061166502,7.752553064,12.54981194,4.79725888,NA,NA
X09_12S_N_C_2,B2,S12,2009,normal,unwarming,uncliping,0,1,0,25713.76563,25159.69924,0,0.02202198,9.291400446,11.85034668,2.558946234,NA,NA
X09_13S_N_C_0,B3,S13,2009,normal,unwarming,uncliping,0,1,0,44571.64214,40006.48723,2128.251321,0.08597448,6.945354831,10.85741014,3.912055306,NA,NA
X09_14S_N_C_2,B3,S14,2009,normal,unwarming,uncliping,0,1,0,51562.82226,47779.74333,960.2362744,0.05321471,7.42714462,10.32138518,2.894240559,NA,NA
X09_15S_H_C_0,B3,S15,2009,normal,unwarming,uncliping,0,1,0,36593.69097,34367.94483,750.5011777,0.053403505,6.062333211,9.235843529,3.173510318,NA,NA
X09_16S_H_C_1,B4,S16,2009,normal,unwarming,uncliping,0,1,0,42517.10567,39728.54486,697.8726966,0.05009362,6.041609075,9.043173883,3.001564808,NA,NA
X09_17S_N_C_2,B4,S17,2009,normal,unwarming,uncliping,0,1,0,45216.16143,40854.14244,1636.225724,0.086177577,8.657540529,12.92486092,4.267320388,NA,NA
X09_18S_H_C_0,B4,S18,2009,normal,unwarming,uncliping,0,1,0,33772.76991,31773.45499,684.0737833,0.052158936,7.242396825,12.42893807,5.186541249,NA,NA
X09_19S_N_C_1,B3,S19,2009,normal,unwarming,uncliping,0,1,0,38756.39095,36763.05363,414.5691699,0.044008895,10.60208406,12.74698845,2.144904394,NA,NA
X09_1S_H_C_1,B1,S01,2009,normal,unwarming,uncliping,0,1,0,23081.61907,22074.22787,340.4778373,0.015424224,7.760058366,10.15046303,2.390404665,NA,NA
X09_20S_H_C_1,B3,S20,2009,normal,unwarming,uncliping,0,1,0,30992.00337,30340.87193,133.1387978,0.004388101,6.973755628,9.727989232,2.754233605,NA,NA
X09_21S_H_C_2,B3,S21,2009,normal,unwarming,uncliping,0,1,0,35120.91611,32859.30443,409.7821129,0.048591327,10.99412783,15.72888633,4.734758496,NA,NA
X09_22S_H_C_2,B4,S22,2009,normal,unwarming,uncliping,0,1,0,32445.47765,30539.17745,470.8128668,0.04435903,7.517193098,9.852642692,2.335449594,NA,NA
X09_23S_N_C_1,B4,S23,2009,normal,unwarming,uncliping,0,1,0,64605.44808,57961.23857,2310.366943,0.086454445,8.083961864,10.99244958,2.908487714,NA,NA
X09_24S_N_C_0,B4,S24,2009,normal,unwarming,uncliping,0,1,0,86107.56026,76712.2912,4369.888008,0.096679255,7.169617636,10.71518412,3.545566481,NA,NA
X09_2S_H_C_0,B1,S02,2009,normal,unwarming,uncliping,0,1,0,31481.77718,30566.13467,314.9319067,0.010303295,4.508258471,7.57867448,3.070416009,NA,NA
X09_3S_N_C_1,B1,S03,2009,normal,unwarming,uncliping,0,1,0,21915.45197,21578.11814,0,0,7.195489438,10.58315305,3.38766361,NA,NA
X09_4S_H_C_2,B2,S04,2009,normal,unwarming,uncliping,0,1,0,24159.75473,24159.75473,0,0,6.829725488,10.5186173,3.688891815,NA,NA
X09_5S_H_C_0,B2,S05,2009,normal,unwarming,uncliping,0,1,0,28759.89528,28359.84992,0,0,3.285624122,5.72799152,2.442367398,NA,NA
X09_6S_N_C_1,B2,S06,2009,normal,unwarming,uncliping,0,1,0,24716.6345,24716.6345,0,0,4.824389096,7.235415029,2.411025933,NA,NA
X09_7S_H_C_2,B1,S07,2009,normal,unwarming,uncliping,0,1,0,42081.10103,39765.57916,552.6463049,0.039639453,5.958598849,10.09800619,4.139407337,NA,NA
X09_8S_N_C_0,B1,S08,2009,normal,unwarming,uncliping,0,1,0,48362.24679,45520.61211,841.5305106,0.048310832,6.269605122,9.775643741,3.506038619,NA,NA
X09_9S_N_C_2,B1,S09,2009,normal,unwarming,uncliping,0,1,0,34081.74734,32124.45839,406.6476867,0.044022888,8.652555121,12.53923853,3.886683405,NA,NA
X10_10N_H_N_1,B2,N10,2010,normal,warming,uncliping,1,1,0,28022.58159,27822.22023,0,0,2.52997944,4.382960026,1.852980586,2.199166667,4.074166667
X10_10S_H_C_1,B2,S10,2010,normal,warming,Cliping,1,1,1,21698.93324,21400.45599,0,0,4.889235548,8.733524752,3.844289204,2.849166667,3.53
X10_11N_N_N_0,B2,N11,2010,half,unwarming,uncliping,0,0.5,0,22020.72697,21512.05943,234.3844543,0.010895491,4.372905311,6.583072852,2.210167541,1.783333333,4.180833333
X10_11S_N_C_0,B2,S11,2010,half,unwarming,Cliping,0,0.5,1,15658.80753,15395.50756,0,0,5.419330761,8.028473013,2.609142252,1.925,3.3025
X10_12N_N_N_2,B2,N12,2010,double,unwarming,uncliping,0,2,0,16122.98627,15856.3078,0,0,5.016476995,5.947537941,0.931060946,2.655,3.444166667
X10_12S_N_C_2,B2,S12,2010,double,unwarming,Cliping,0,2,1,12250.23453,11884.82188,0,0,5.471551352,8.371454174,2.899902822,1.479166667,3.714166667
X10_13N_N_N_0,B3,N13,2010,half,unwarming,uncliping,0,0.5,0,19219.46247,18947.849,0,0,6.016272814,7.908303355,1.89203054,2.685833333,3.829166667
X10_13S_N_C_0,B3,S13,2010,half,unwarming,Cliping,0,0.5,1,14821.38937,14415.30797,0,0,5.639775978,8.178298856,2.538522878,2.864166667,4.650833333
X10_14N_N_N_2,B3,N14,2010,double,unwarming,uncliping,0,2,0,60510.01262,51612.87604,4100.198504,0.114434547,7.273705785,8.656472352,1.382766567,3.063333333,3.9225
X10_14S_N_C_2,B3,S14,2010,double,unwarming,Cliping,0,2,1,25481.95394,22977.08602,914.2381359,0.053780695,6.589220507,9.088268795,2.499048288,2.652777778,5.049166667
X10_15N_H_N_0,B3,N15,2010,half,warming,uncliping,1,0.5,0,14863.08934,14590.52229,0,0,4.376485616,6.30349092,1.927005304,2.503333333,3.565833333
X10_15S_H_C_0,B3,S15,2010,half,warming,Cliping,1,0.5,1,22193.81933,20294.07714,883.1848997,0.056219744,4.591545915,6.393535032,1.801989117,2.583333333,3.694166667
X10_16N_H_N_1,B4,N16,2010,normal,warming,uncliping,1,1,0,25804.85508,25490.05834,0,0,3.47642491,5.734048523,2.257623614,2.431666667,3.49
X10_16S_H_C_1,B4,S16,2010,normal,warming,Cliping,1,1,1,21255.08043,20904.23594,0,0,4.69565199,7.512721938,2.817069949,2.320833333,3.924166667
X10_17N_N_N_2,B4,N17,2010,double,unwarming,uncliping,0,2,0,12818.49548,12818.49548,0,0,3.709387908,5.283963419,1.574575511,2.488333333,3.1675
X10_17S_N_C_2,B4,S17,2010,double,unwarming,Cliping,0,2,1,25954.34295,24256.60062,788.3090963,0.04791796,6.612036415,9.796749845,3.18471343,2.9175,4.538333333
X10_18N_H_N_0,B4,N18,2010,half,warming,uncliping,1,0.5,0,18520.41155,18194.24306,0,0,3.964352048,6.525278282,2.560926233,2.030833333,4.133333333
X10_18S_H_C_0,B4,S18,2010,half,warming,Cliping,1,0.5,1,23006.68912,22627.43881,0,0,4.851412064,7.933017834,3.081605769,2.6975,3.676666667
X10_19N_N_N_1,B3,N19,2010,normal,unwarming,uncliping,0,1,0,22566.25797,22263.78148,0,0,3.679079873,4.210570452,0.531490579,2.205833333,2.895833333
X10_19S_N_C_1,B3,S19,2010,normal,unwarming,Cliping,0,1,1,55446.70111,50351.81087,1242.727613,0.043469136,5.213502724,7.962184759,2.748682035,2.624166667,4.463333333
X10_1N_H_N_1,B1,N01,2010,normal,warming,uncliping,1,1,0,18795.53718,18795.53718,0,0,3.598363484,6.932642416,3.334278932,1.565,2.3825
X10_1S_H_C_1,B1,S01,2010,normal,warming,Cliping,1,1,1,29376.02259,28881.69968,0,0,5.152755832,8.290805538,3.138049706,2.536666667,3.620833333
X10_20N_H_N_1,B3,N20,2010,normal,warming,uncliping,1,1,0,49598.51982,45999.0018,1113.570826,0.047238515,4.414959978,6.995434575,2.580474597,2.08,3.3275
X10_20S_H_C_1,B3,S20,2010,normal,warming,Cliping,1,1,1,19769.66053,19769.66053,0,0,5.552345755,9.053458016,3.501112261,2.3075,3.985
X10_21N_H_N_2,B3,N21,2010,double,warming,uncliping,1,2,0,30485.89312,28826.44243,602.9574923,0.033850435,3.923073978,5.744044546,1.820970568,2.7225,3.463333333
X10_21S_H_C_2,B3,S21,2010,double,warming,Cliping,1,2,1,27288.86109,25454.48759,741.1624011,0.040770017,4.489552567,7.599239048,3.109686481,1.9425,3.324166667
X10_22N_H_N_2,B4,N22,2010,double,warming,uncliping,1,2,0,48554.86657,43931.10019,1795.591741,0.067108457,3.953530699,5.766572466,1.813041767,3.113333333,3.648333333
X10_22S_H_C_2,B4,S22,2010,double,warming,Cliping,1,2,1,21287.10975,21011.43358,0,0,4.242760196,7.445427658,3.202667462,2.408333333,3.4725
X10_23N_N_N_1,B4,N23,2010,normal,unwarming,uncliping,0,1,0,27617.11664,26515.3032,255.1911417,0.009624297,3.873619761,5.26221487,1.388595109,2.280833333,3.751666667
X10_23S_N_C_1,B4,S23,2010,normal,unwarming,Cliping,0,1,1,32811.49148,30959.13649,612.4908024,0.035314142,6.584059884,8.606371453,2.022311569,2.205,4.040833333
X10_24N_N_N_0,B4,N24,2010,half,unwarming,uncliping,0,0.5,0,27334.10119,26889.56869,0,0,5.555783121,7.968190153,2.412407032,2.188333333,3.344166667
X10_24S_N_C_0,B4,S24,2010,half,unwarming,Cliping,0,0.5,1,20976.13872,20412.63317,0,0,5.355894314,6.837092589,1.481198275,2.316666667,3.575833333
X10_2N_H_N_0,B1,N02,2010,half,warming,uncliping,1,0.5,0,22123.00663,22123.00663,0,0,2.964145751,5.353943084,2.389797334,2.3625,3.528055556
X10_2S_H_C_0,B1,S02,2010,half,warming,Cliping,1,0.5,1,11873.04963,11873.04963,0,0,3.729240029,6.323363018,2.594122989,2.299166667,3.401666667
X10_3N_N_N_1,B1,N03,2010,normal,unwarming,uncliping,0,1,0,20269.55072,19979.00628,0,0,4.639439963,5.71484349,1.075403527,1.9375,3.27
X10_3S_N_C_1,B1,S03,2010,normal,unwarming,Cliping,0,1,1,10479.01798,10365.55695,0,0,4.754221521,7.425076732,2.670855211,2.1725,3.794166667
X10_4N_H_N_2,B2,N04,2010,double,warming,uncliping,1,2,0,17310.6927,17310.6927,0,0,3.628086796,4.305610182,0.677523386,2.250833333,4.186666667
X10_4S_H_C_2,B2,S04,2010,double,warming,Cliping,1,2,1,16503.47827,16176.57384,0,0,5.270484955,7.166421446,1.895936491,2.889166667,4.498333333
X10_5N_H_N_0,B2,N05,2010,half,warming,uncliping,1,0.5,0,19573.32731,19251.92397,0,0,4.218462428,6.264470995,2.046008567,2.251666667,3.140833333
X10_5S_H_C_0,B2,S05,2010,half,warming,Cliping,1,0.5,1,25906.8594,25539.73495,0,0,3.115845207,4.860476158,1.744630951,2.951666667,3.300833333
X10_6N_N_N_1,B2,N06,2010,normal,unwarming,uncliping,0,1,0,15104.59168,14810.91745,0,0,4.314427801,5.964107425,1.649679624,1.6,3.0125
X10_6S_N_C_1,B2,S06,2010,normal,unwarming,Cliping,0,1,1,17244.79587,16905.13322,0,0,6.154765401,7.502589616,1.347824215,1.880833333,4.256666667
X10_7N_H_N_2,B1,N07,2010,double,warming,uncliping,1,2,0,34926.58831,34554.91377,0,0,5.324791784,8.179609082,2.854817299,2.926666667,3.945
X10_7S_H_C_2,B1,S07,2010,double,warming,Cliping,1,2,1,25352.14708,24930.15641,0,0,4.790940125,7.176857129,2.385917005,2.485833333,4.228333333
X10_8N_N_N_0,B1,N08,2010,half,unwarming,uncliping,0,0.5,0,17797.03388,17422.03513,0,0,4.939049449,6.993034231,2.053984782,1.911666667,3.7425
X10_8S_N_C_0,B1,S08,2010,half,unwarming,Cliping,0,0.5,1,29761.91171,29325.15956,0,0,5.392289574,8.437930888,3.045641314,2.4175,4.2325
X10_9N_N_N_2,B1,N09,2010,double,unwarming,uncliping,0,2,0,16437.041,16111.17356,0,0,4.647296407,6.255636044,1.608339637,3.204166667,4.138333333
X10_9S_N_C_2,B1,S09,2010,double,unwarming,Cliping,0,2,1,21178.77897,20649.98433,0,0,5.616655564,8.531469316,2.914813752,2.646666667,3.245833333
X11_10N_H_N_1,B2,N10,2011,normal,warming,uncliping,1,1,0,29933.90677,29401.94471,0,0.008798989,3.44278196,5.758229699,2.315447739,1.785,3.146666667
X11_10S_H_C_1,B2,S10,2011,normal,warming,Cliping,1,1,1,40258.76148,36129.52072,2525.766212,0.087134556,3.650220523,6.646520246,2.996299724,1.660833333,2.96
X11_11N_N_N_0,B2,N11,2011,half,unwarming,uncliping,0,0.5,0,22356.18751,22356.18751,0,0,3.88967447,6.596561957,2.706887486,1.990833333,3.491666667
X11_11S_N_C_0,B2,S11,2011,half,unwarming,Cliping,0,0.5,1,32457.7766,31739.34093,314.0177451,0.022635494,3.788626484,6.551535385,2.7629089,1.703333333,3.545
X11_12N_N_N_2,B2,N12,2011,double,unwarming,uncliping,0,2,0,32135.17451,30572.53251,528.560747,0.034872074,4.042423113,6.285275348,2.242852235,1.658333333,3.570833333
X11_12S_N_C_2,B2,S12,2011,double,unwarming,Cliping,0,2,1,24167.19666,23919.75541,0,0,5.358495852,8.663564932,3.30506908,0.914166667,3.673333333
X11_13N_N_N_0,B3,N13,2011,half,unwarming,uncliping,0,0.5,0,42050.30424,38990.53425,1672.995025,0.064454709,4.721598337,7.543660139,2.822061802,1.518333333,3.243888889
X11_13S_N_C_0,B3,S13,2011,half,unwarming,Cliping,0,0.5,1,52362.0843,48493.3671,1953.212488,0.065879965,4.804910311,7.25439467,2.449484359,2.066666667,3.795
X11_14N_N_N_2,B3,N14,2011,double,unwarming,uncliping,0,2,0,46978.86317,44712.03962,731.5649669,0.040498993,5.34802144,8.169579353,2.821557913,2.553333333,2.8825
X11_14S_N_C_2,B3,S14,2011,double,unwarming,Cliping,0,2,1,45386.4519,42669.87635,984.0014713,0.047576301,5.10352825,6.730189356,1.626661105,1.754166667,4.536666667
X11_15N_H_N_0,B3,N15,2011,half,warming,uncliping,1,0.5,0,30409.62099,29490.45091,371.2906545,0.021331138,2.220729048,3.464357533,1.243628485,1.808333333,2.540833333
X11_15S_H_C_0,B3,S15,2011,half,warming,Cliping,1,0.5,1,43157.58633,40457.51283,1366.661068,0.051207329,2.458547228,4.087868908,1.62932168,1.505833333,3.443333333
X11_16N_H_N_1,B4,N16,2011,normal,warming,uncliping,1,1,0,32111.04873,30754.01664,829.3129906,0.044125361,3.755597952,5.806736007,2.051138056,1.891111111,2.725
X11_16S_H_C_1,B4,S16,2011,normal,warming,Cliping,1,1,1,38061.04677,35816.74179,794.4179329,0.040023998,2.684859961,4.644572402,1.959712441,1.749166667,2.818333333
X11_17N_N_N_2,B4,N17,2011,double,unwarming,uncliping,0,2,0,51010.24226,47512.21946,766.9753751,0.036870045,4.938894781,7.856650397,2.917755617,1.798333333,3.151666667
X11_17S_N_C_2,B4,S17,2011,double,unwarming,Cliping,0,2,1,54174.79928,50132.60001,1541.376396,0.060786753,5.940577219,10.14880665,4.208229433,1.6775,3.505833333
X11_18N_H_N_0,B4,N18,2011,half,warming,uncliping,1,0.5,0,26592.91989,25657.38713,464.0523006,0.030435364,3.060343593,4.837797812,1.77745422,1.355833333,3.296666667
X11_18S_H_C_0,B4,S18,2011,half,warming,Cliping,1,0.5,1,43219.06118,40090.12694,1319.535572,0.05656218,3.97735345,7.240128149,3.262774699,1.984166667,3.563333333
X11_19N_N_N_1,B3,N19,2011,normal,unwarming,uncliping,0,1,0,44684.63099,42762.98282,665.5998046,0.034993208,3.696627521,5.536897509,1.840269989,1.518333333,3.413333333
X11_19S_N_C_1,B3,S19,2011,normal,unwarming,Cliping,0,1,1,31010.62728,29779.82606,455.7092033,0.030042918,4.469857337,7.565253976,3.09539664,1.471111111,4.041944444
X11_1N_H_N_1,B1,N01,2011,normal,warming,uncliping,1,1,0,19084.17304,19084.17305,0,0,2.768756665,6.008793858,3.240037193,1.3275,1.956666667
X11_1S_H_C_1,B1,S01,2011,normal,warming,Cliping,1,1,1,28189.26662,28189.26662,0,0,4.103897952,5.45892547,1.355027518,2.865,3.430833333
X11_20N_H_N_1,B3,N20,2011,normal,warming,uncliping,1,1,0,25320.32379,25122.89633,197.4274564,0.007858467,3.88307404,5.726745829,1.843671788,1.470833333,3.115
X11_20S_H_C_1,B3,S20,2011,normal,warming,Cliping,1,1,1,62106.33227,55907.90348,3373.988734,0.084227829,4.468687141,6.801977241,2.3332901,1.9475,3.044166667
X11_21N_H_N_2,B3,N21,2011,double,warming,uncliping,1,2,0,70813.05537,63932.81335,3041.118188,0.082433375,3.71136796,5.840653156,2.129285196,1.883333333,3.0175
X11_21S_H_C_2,B3,S21,2011,double,warming,Cliping,1,2,1,27830.20499,26879.52044,184.6732347,0.01487974,4.366488795,6.550593767,2.184104972,2.005833333,3.610833333
X11_22N_H_N_2,B4,N22,2011,double,warming,uncliping,1,2,0,77365.34633,70423.48543,3379.602825,0.075791892,4.873835501,7.541264724,2.667429223,2.0375,2.540833333
X11_22S_H_C_2,B4,S22,2011,double,warming,Cliping,1,2,1,63144.44108,58114.99678,1808.77731,0.056613988,4.924264677,10.05395666,5.129691987,1.795,3.478333333
X11_23N_N_N_1,B4,N23,2011,normal,unwarming,uncliping,0,1,0,35617.60557,34405.42118,295.2705964,0.020591038,3.671418795,6.113634974,2.442216179,1.964166667,3.525
X11_23S_N_C_1,B4,S23,2011,normal,unwarming,Cliping,0,1,1,49708.50926,46020.35642,1518.445551,0.059029873,5.040891375,7.496801717,2.455910341,1.234166667,3.13
X11_24N_N_N_0,B4,N24,2011,half,unwarming,uncliping,0,0.5,0,49152.1569,44639.39573,2161.714509,0.066823247,4.082075005,6.451184533,2.369109527,1.828333333,2.560833333
X11_24S_N_C_0,B4,S24,2011,half,unwarming,Cliping,0,0.5,1,71077.50222,65232.1205,2210.247223,0.059922592,4.443640204,8.144841611,3.701201407,1.484166667,3.175833333
X11_2N_H_N_0,B1,N02,2011,half,warming,uncliping,1,0.5,0,18322.96926,18322.96926,0,0,2.887955493,5.242397635,2.354442142,1.4175,2.419166667
X11_2S_H_C_0,B1,S02,2011,half,warming,Cliping,1,0.5,1,16093.22395,16093.22395,0,0,3.291776475,5.577226282,2.285449806,1.586666667,3.086666667
X11_3N_N_N_1,B1,N03,2011,normal,unwarming,uncliping,0,1,0,17923.52356,17923.52356,0,0,3.406908115,5.22095156,1.814043445,1.335,2.285
X11_3S_N_C_1,B1,S03,2011,normal,unwarming,Cliping,0,1,1,16469.00874,16276.78176,0,0,3.670019857,6.80026483,3.130244973,1.325,3.811666667
X11_4N_H_N_2,B2,N04,2011,double,warming,uncliping,1,2,0,25685.78104,25453.17924,0,0,3.810564845,5.38644656,1.575881715,1.566944444,3.754444444
X11_4S_H_C_2,B2,S04,2011,double,warming,Cliping,1,2,1,21730.75864,21522.20969,0,0,5.701779019,8.930669428,3.228890409,1.717222222,3.794444444
X11_5N_H_N_0,B2,N05,2011,half,warming,uncliping,1,0.5,0,18971.15279,17760.35474,473.8387711,0.026679578,2.996717786,3.913013957,0.91629617,1.135833333,2.385277778
X11_5S_H_C_0,B2,S05,2011,half,warming,Cliping,1,0.5,1,31271.47735,30211.88009,439.388213,0.02532974,2.606225594,4.717718858,2.111493264,2.382777778,3.060277778
X11_6N_N_N_1,B2,N06,2011,normal,unwarming,uncliping,0,1,0,22814.82288,22547.89672,266.9261632,0.011838185,3.419686577,4.971760056,1.552073478,0.828055556,2.755277778
X11_6S_N_C_1,B2,S06,2011,normal,unwarming,Cliping,0,1,1,38543.28011,37168.69684,524.6218155,0.029876234,3.87632476,7.505338533,3.629013773,0.926388889,2.653055556
X11_7N_H_N_2,B1,N07,2011,double,warming,uncliping,1,2,0,23661.87411,23344.7185,317.15561,0.013585754,3.41403642,6.165123808,2.751087388,1.67,2.610833333
X11_7S_H_C_2,B1,S07,2011,double,warming,Cliping,1,2,1,35200.1221,33677.10362,877.7608099,0.045224153,4.86330515,9.033712506,4.170407356,2.318333333,3.305
X11_8N_N_N_0,B1,N08,2011,half,unwarming,uncliping,0,0.5,0,44058.34013,41548.79876,1256.174213,0.045998529,4.08299141,6.303931554,2.220940144,1.135833333,2.4475
X11_8S_N_C_0,B1,S08,2011,half,unwarming,Cliping,0,0.5,1,26853.83141,26088.63833,765.1930748,0.02933051,3.61134984,6.065621888,2.454272048,1.505,3.388333333
X11_9N_N_N_2,B1,N09,2011,double,unwarming,uncliping,0,2,0,23503.14412,23503.14412,0,0,5.095930934,7.717682803,2.621751869,2.068333333,2.891666667
X11_9S_N_C_2,B1,S09,2011,double,unwarming,Cliping,0,2,1,25101.51359,24867.56152,0,0,5.576774148,9.256041074,3.679266925,2.424166667,3.745833333
X12_10N_H_N_1,B2,N10,2012,normal,warming,uncliping,1,1,0,32585.80132,30922.84522,508.6837228,0.037768411,3.120975133,3.805638698,0.684663566,0.949166667,2.7525
X12_10S_H_C_1,B2,S10,2012,normal,warming,Cliping,1,1,1,30659.32281,29442.55207,492.009724,0.028522564,3.424726374,5.423702878,1.998976504,1.440555556,2.876666667
X12_11N_N_N_0,B2,N11,2012,half,unwarming,uncliping,0,0.5,0,47718.94221,39984.39161,4679.645891,0.144119108,2.653363776,3.290281502,0.636917726,1.406666667,3.196666667
X12_11S_N_C_0,B2,S11,2012,half,unwarming,Cliping,0,0.5,1,57884.93568,53751.07004,1190.146663,0.051627362,4.040310047,4.968610895,0.928300848,1.455,3.583333333
X12_12N_N_N_2,B2,N12,2012,double,unwarming,uncliping,0,2,0,85516.22754,76037.31467,3130.832038,0.084940235,3.881414599,5.124907416,1.243492817,1.280833333,2.845833333
X12_12S_N_C_2,B2,S12,2012,double,unwarming,Cliping,0,2,1,28783.50085,27592.50605,192.4275221,0.017044412,3.250090851,5.841528677,2.591437826,1.033333333,3.7775
X12_13N_N_N_0,B3,N13,2012,half,unwarming,uncliping,0,0.5,0,45567.79931,43456.60257,742.0662256,0.026958205,3.108928106,4.696327712,1.587399607,1.55625,2.43875
X12_13S_N_C_0,B3,S13,2012,half,unwarming,Cliping,0,0.5,1,54626.34883,52339.26053,538.7027035,0.028818013,4.462636639,5.825567339,1.362930699,2.392083333,3.31
X12_14N_N_N_2,B3,N14,2012,double,unwarming,uncliping,0,2,0,32629.69497,28736.9476,1285.507786,0.069738008,5.127550909,6.59688309,1.469332181,1.555833333,2.983333333
X12_14S_N_C_2,B3,S14,2012,double,unwarming,Cliping,0,2,1,21775.16912,20911.45985,436.2137073,0.032723868,3.729510234,5.07858801,1.349077776,1.684583333,3.857916667
X12_15N_H_N_0,B3,N15,2012,half,warming,uncliping,1,0.5,0,14996.37353,14996.37353,0,0,2.488372789,2.608977012,0.120604223,1.019583333,2.3625
X12_15S_H_C_0,B3,S15,2012,half,warming,Cliping,1,0.5,1,29940.04179,28279.22928,477.5372044,0.039474194,2.444811735,2.702485485,0.25767375,2.32875,3.155416667
X12_16N_H_N_1,B4,N16,2012,normal,warming,uncliping,1,1,0,61621.44888,56973.73364,2021.541871,0.064259387,1.659778255,2.54508316,0.885304905,1.544166667,2.56
X12_16S_H_C_1,B4,S16,2012,normal,warming,Cliping,1,1,1,34634.01504,33387.04425,518.1095464,0.027797397,3.5801568,4.215898421,0.635741621,1.44625,2.25125
X12_17N_N_N_2,B4,N17,2012,double,unwarming,uncliping,0,2,0,45986.68695,43341.57185,770.6117749,0.041732383,3.795855722,5.444659806,1.648804084,1.845833333,3.0875
X12_17S_N_C_2,B4,S17,2012,double,unwarming,Cliping,0,2,1,28307.18055,26728.33308,492.5047859,0.030558181,4.950256732,6.532993268,1.582736537,1.41625,2.934583333
X12_18N_H_N_0,B4,N18,2012,half,warming,uncliping,1,0.5,0,31246.83422,29031.04284,568.0405531,0.035463981,2.599480346,3.094589297,0.495108952,1.069583333,2.783333333
X12_18S_H_C_0,B4,S18,2012,half,warming,Cliping,1,0.5,1,36231.4873,35021.30268,406.7307369,0.022703421,3.628184719,4.839390659,1.21120594,1.645416667,2.86875
X12_19N_N_N_1,B3,N19,2012,normal,unwarming,uncliping,0,1,0,25956.79235,25561.95583,0,0,4.62119183,6.31317727,1.69198544,1.084166667,3.870416667
X12_19S_N_C_1,B3,S19,2012,normal,unwarming,Cliping,0,1,1,29522.30486,29191.89506,0,0,3.962943491,5.380295717,1.417352226,1.448194444,3.7325
X12_1N_H_N_1,B1,N01,2012,normal,warming,uncliping,1,1,0,17097.57893,17097.57893,0,0,3.464671843,5.343086797,1.878414954,1.005833333,2.055
X12_1S_H_C_1,B1,S01,2012,normal,warming,Cliping,1,1,1,30345.13044,29571.65421,203.6290094,0.006885953,3.61643224,3.752610531,0.136178291,1.960833333,1.896666667
X12_20N_H_N_1,B3,N20,2012,normal,warming,uncliping,1,1,0,20156.68335,19962.84292,0,0,2.074799323,2.846745554,0.771946231,1.368333333,3.389166667
X12_20S_H_C_1,B3,S20,2012,normal,warming,Cliping,1,1,1,25006.97914,24813.67011,0,0,3.472653287,4.569852598,1.097199312,1.462916667,3.657083333
X12_21N_H_N_2,B3,N21,2012,double,warming,uncliping,1,2,0,20396.58683,19879.0507,0,0,3.640814869,4.906995319,1.266180449,1.539583333,2.73875
X12_21S_H_C_2,B3,S21,2012,double,warming,Cliping,1,2,1,55117.68432,50873.82227,1240.246945,0.0486238,2.959312052,4.190838583,1.231526531,1.34,3.81125
X12_22N_H_N_2,B4,N22,2012,double,warming,uncliping,1,2,0,109896.1512,96962.02582,5634.349665,0.099680372,3.759771206,5.308423145,1.548651939,1.584583333,2.892083333
X12_22S_H_C_2,B4,S22,2012,double,warming,Cliping,1,2,1,86540.74851,79108.45123,1961.331196,0.060922284,4.230302514,6.941900817,2.711598303,1.694166667,3.81625
X12_23N_N_N_1,B4,N23,2012,normal,unwarming,uncliping,0,1,0,51921.3907,46098.58777,3143.583098,0.099661314,3.481514999,4.54674919,1.065234191,0.983333333,2.775416667
X12_23S_N_C_1,B4,S23,2012,normal,unwarming,Cliping,0,1,1,38925.02195,37442.03339,459.6090645,0.024519813,3.649455075,5.762531576,2.113076501,0.582083333,2.5225
X12_24N_N_N_0,B4,N24,2012,half,unwarming,uncliping,0,0.5,0,53991.3812,48738.13147,2315.997789,0.075296063,4.02579409,4.805487378,0.779693289,0.99875,2.332916667
X12_24S_N_C_0,B4,S24,2012,half,unwarming,Cliping,0,0.5,1,25469.68839,24756.32764,231.3615078,0.018821717,3.883318705,4.719947367,0.836628662,1.53125,2.951666667
X12_2N_H_N_0,B1,N02,2012,half,warming,uncliping,1,0.5,0,33618.36444,32490.7611,352.2394576,0.027385902,2.753626672,4.049431928,1.295805255,1.055,2.171666667
X12_2S_H_C_0,B1,S02,2012,half,warming,Cliping,1,0.5,1,19682.21603,19177.70501,315.5978672,0.026307164,2.052595803,2.314610371,0.262014569,1.05,2.543333333
X12_3N_N_N_1,B1,N03,2012,normal,unwarming,uncliping,0,1,0,31560.35988,27244.20337,2960.805227,0.126042181,4.922731776,6.612274597,1.689542821,0.983333333,2.6175
X12_3S_N_C_1,B1,S03,2012,normal,unwarming,Cliping,0,1,1,27762.02358,26580.31249,353.5106462,0.024855331,3.184680259,5.751366199,2.56668594,1.171666667,2.598055556
X12_4N_H_N_2,B2,N04,2012,double,warming,uncliping,1,2,0,25981.71702,24438.26623,960.5407665,0.052595733,3.719635936,4.981885779,1.262249842,0.905833333,3.344166667
X12_4S_H_C_2,B2,S04,2012,double,warming,Cliping,1,2,1,17775.80039,17775.80039,0,0,3.664178383,5.271414483,1.607236101,1.288888889,3.161666667
X12_5N_H_N_0,B2,N05,2012,half,warming,uncliping,1,0.5,0,21817.05543,21404.63776,249.4216852,0.011652694,2.631349684,3.867000912,1.235651227,0.9675,2.696666667
X12_5S_H_C_0,B2,S05,2012,half,warming,Cliping,1,0.5,1,18623.2697,18623.2697,0,0,2.770974015,4.494496098,1.723522083,2.221666667,2.926666667
X12_6N_N_N_1,B2,N06,2012,normal,unwarming,uncliping,0,1,0,21257.50882,19824.39229,777.3485998,0.057819806,3.821657282,5.848346942,2.02668966,0.26,2.675833333
X12_6S_N_C_1,B2,S06,2012,normal,unwarming,Cliping,0,1,1,23687.45945,23142.27954,0,0,3.771726378,5.662784596,1.891058218,0.655833333,3.086666667
X12_7N_H_N_2,B1,N07,2012,double,warming,uncliping,1,2,0,48844.34727,45409.54864,1228.177663,0.048657266,3.251711048,4.267368714,1.015657666,0.906666667,2.824166667
X12_7S_H_C_2,B1,S07,2012,double,warming,Cliping,1,2,1,43528.33792,41141.86945,543.5461967,0.031825727,5.219933142,8.426817431,3.206884289,1.885,3.439166667
X12_8N_N_N_0,B1,N08,2012,half,unwarming,uncliping,0,0.5,0,50399.3031,44736.88939,3168.860129,0.097191676,3.39236872,4.03650609,0.64413737,0.565,2.594166667
X12_8S_N_C_0,B1,S08,2012,half,unwarming,Cliping,0,0.5,1,31825.08829,30763.6981,462.4985999,0.0252775,3.932124632,4.565499315,0.633374683,1.4625,3.305
X12_9N_N_N_2,B1,N09,2012,double,unwarming,uncliping,0,2,0,35637.18433,33361.86868,859.0199598,0.042607677,3.993939933,4.421836613,0.42789668,3.284166667,2.786666667
X12_9S_N_C_2,B1,S09,2012,double,unwarming,Cliping,0,2,1,22369.4757,22369.4757,0,0,4.190637237,5.966617365,1.775980128,2.165,3.789166667
X13_10N_H_N_1,B2,N10,2013,normal,warming,uncliping,1,1,0,19515.97623,18868.14976,204.3607866,0.025951172,3.786936636,4.881684628,1.094747992,1.218263889,2.757708333
X13_10S_H_C_1,B2,S10,2013,normal,warming,Cliping,1,1,1,26598.62353,24684.38895,735.147561,0.050426134,3.146688368,4.615870475,1.469182107,1.299212963,2.816388889
X13_11N_N_N_0,B2,N11,2013,half,unwarming,uncliping,0,0.5,0,20820.34695,19667.8292,572.1211821,0.050465103,2.981466778,5.606303125,2.624836346,1.783055556,2.952222222
X13_11S_N_C_0,B2,S11,2013,half,unwarming,Cliping,0,0.5,1,30356.48583,27851.50865,656.9785986,0.050682632,3.776112812,4.308515773,0.532402961,1.24375,3.030277778
X13_12N_N_N_2,B2,N12,2013,double,unwarming,uncliping,0,2,0,52373.39222,47709.84121,2012.26494,0.077126201,4.507311651,5.16098975,0.653678098,1.130902778,2.812986111
X13_12S_N_C_2,B2,S12,2013,double,unwarming,Cliping,0,2,1,45883.32444,41058.31817,1372.87173,0.078344108,3.605062881,5.049285095,1.444222214,0.750277778,3.098125
X13_13N_N_N_0,B3,N13,2013,half,unwarming,uncliping,0,0.5,0,51769.1948,43074.19502,6319.751367,0.180409552,2.999822466,4.28650423,1.286681764,1.491770833,2.408229167
X13_13S_N_C_0,B3,S13,2013,half,unwarming,Cliping,0,0.5,1,36094.42879,33867.64137,919.7995329,0.053002383,3.568138388,4.705349964,1.137211577,1.599756944,2.906666667
X13_14N_N_N_2,B3,N14,2013,double,unwarming,uncliping,0,2,0,13595.09092,13595.09092,0,0,4.147401223,5.248939627,1.101538404,1.704097222,3.131944444
X13_14S_N_C_2,B3,S14,2013,double,unwarming,Cliping,0,2,1,20273.19045,18595.90537,654.2589316,0.059366427,4.756953952,6.501016419,1.744062467,1.653993056,3.130659722
X13_15N_H_N_0,B3,N15,2013,half,warming,uncliping,1,0.5,0,20667.31876,19442.33249,783.3200572,0.053144891,2.900254252,3.689606668,0.789352416,1.830798611,2.439375
X13_15S_H_C_0,B3,S15,2013,half,warming,Cliping,1,0.5,1,28094.30835,25798.52761,1094.755239,0.069113432,3.067976076,3.380308823,0.312332746,1.427395833,2.730451389
X13_16N_H_N_1,B4,N16,2013,normal,warming,uncliping,1,1,0,12020.1918,11752.56067,0,0,4.381867439,6.034655958,1.652788519,2.458680556,2.433333333
X13_16S_H_C_1,B4,S16,2013,normal,warming,Cliping,1,1,1,26434.88282,24447.07128,589.6085185,0.046487186,4.317853507,6.480553605,2.162700098,0.885520833,2.2259375
X13_17N_N_N_2,B4,N17,2013,double,unwarming,uncliping,0,2,0,32379.0955,29545.08894,658.9331421,0.052542475,5.964979802,6.483381782,0.51840198,1.941319444,3.622291667
X13_17S_N_C_2,B4,S17,2013,double,unwarming,Cliping,0,2,1,32408.75652,29644.17161,939.1395597,0.063361985,5.144891516,9.286024042,4.141132526,1.735520833,2.854548611
X13_18N_H_N_0,B4,N18,2013,half,warming,uncliping,1,0.5,0,32433.85379,28418.15961,2281.444684,0.102769391,3.025422138,3.862325324,0.836903186,1.966631944,2.870277778
X13_18S_H_C_0,B4,S18,2013,half,warming,Cliping,1,0.5,1,25086.49574,23109.01199,896.451354,0.066126674,3.995088961,4.228701245,0.233612284,1.483784722,2.690729167
X13_19N_N_N_1,B3,N19,2013,normal,unwarming,uncliping,0,1,0,31318.49349,29611.54643,290.5349867,0.031240133,3.994096065,5.521972925,1.527876859,2.132847222,3.508368056
X13_19S_N_C_1,B3,S19,2013,normal,unwarming,Cliping,0,1,1,32741.9358,30656.28838,374.9852931,0.034342419,3.086264137,4.267321292,1.181057155,1.322349537,3.574375
X13_1N_H_N_1,B1,N01,2013,normal,warming,uncliping,1,1,0,16498.5671,16229.74423,0,0,2.147096192,3.890682608,1.743586416,0.781319444,1.917916667
X13_1S_H_C_1,B1,S01,2013,normal,warming,Cliping,1,1,1,14953.43564,14742.03251,0,0,3.279790572,4.516168271,1.236377698,2.149236111,1.841388889
X13_20N_H_N_1,B3,N20,2013,normal,warming,uncliping,1,1,0,34517.6525,32105.34711,1378.958241,0.06389274,2.954401992,4.429536572,1.47513458,1.827638889,3.012430556
X13_20S_H_C_1,B3,S20,2013,normal,warming,Cliping,1,1,1,40168.86344,36388.84553,1856.556472,0.078507788,3.180426477,3.410641054,0.230214578,1.158576389,3.133923611
X13_21N_H_N_2,B3,N21,2013,double,warming,uncliping,1,2,0,17877.36624,17180.5343,190.5122469,0.021170215,3.160437611,3.296509907,0.136072297,2.342881944,3.118229167
X13_21S_H_C_2,B3,S21,2013,double,warming,Cliping,1,2,1,67362.60004,54421.86356,6420.164654,0.167150736,3.284659949,4.197074802,0.912414853,1.350833333,3.332604167
X13_22N_H_N_2,B4,N22,2013,double,warming,uncliping,1,2,0,34319.12429,30939.30979,2307.524044,0.10101049,3.944962263,5.211825972,1.266863709,2.222465278,3.122673611
X13_22S_H_C_2,B4,S22,2013,double,warming,Cliping,1,2,1,21244.89509,20233.76743,236.4952924,0.025879172,2.923980298,4.447920484,1.523940186,1.367013889,3.6346875
X13_23N_N_N_1,B4,N23,2013,normal,unwarming,uncliping,0,1,0,37018.26848,34745.56805,581.6676216,0.044799491,4.038664885,6.114549266,2.075884381,2.404444444,2.787951389
X13_23S_N_C_1,B4,S23,2013,normal,unwarming,Cliping,0,1,1,57235.02904,49960.37716,2741.429971,0.099146403,2.846018234,4.487041504,1.64102327,0.839340278,2.745208333
X13_24N_N_N_0,B4,N24,2013,half,unwarming,uncliping,0,0.5,0,30673.06847,29053.42197,303.2622551,0.031845943,2.908807704,4.990119853,2.081312149,2.0828125,2.786076389
X13_24S_N_C_0,B4,S24,2013,half,unwarming,Cliping,0,0.5,1,23350.39551,22093.16283,261.2553907,0.03257367,4.827763511,6.975665437,2.147901926,1.197465278,2.941805556
X13_2N_H_N_0,B1,N02,2013,half,warming,uncliping,1,0.5,0,15826.03158,15627.613,0,0,4.075972478,6.123797639,2.047825161,1.314583333,2.769305556
X13_2S_H_C_0,B1,S02,2013,half,warming,Cliping,1,0.5,1,15681.23256,15345.7242,0,0,2.61578153,2.964850219,0.349068689,1.298333333,2.303611111
X13_3N_N_N_1,B1,N03,2013,normal,unwarming,uncliping,0,1,0,21013.45432,20575.25414,0,0,2.990479804,5.016509627,2.026029823,1.209444444,2.731458333
X13_3S_N_C_1,B1,S03,2013,normal,unwarming,Cliping,0,1,1,14916.78897,14724.90066,0,0,2.972295709,4.740751446,1.768455737,1.232638889,2.629837963
X13_4N_H_N_2,B2,N04,2013,double,warming,uncliping,1,2,0,14712.89349,14437.35753,0,0,4.073923214,6.210046867,2.136123653,1.032986111,3.122847222
X13_4S_H_C_2,B2,S04,2013,double,warming,Cliping,1,2,1,38593.96852,36489.10862,817.9886017,0.048068664,2.84557033,4.580599369,1.735029039,1.615462963,2.841805556
X13_5N_H_N_0,B2,N05,2013,half,warming,uncliping,1,0.5,0,21656.07426,20425.48548,573.1116721,0.05056042,2.799687669,4.103367952,1.303680282,1.464791667,2.510555556
X13_5S_H_C_0,B2,S05,2013,half,warming,Cliping,1,0.5,1,37848.22485,35829.65389,594.0989354,0.046730728,2.741659588,3.870611034,1.128951446,1.738472222,2.193888889
X13_6N_N_N_1,B2,N06,2013,normal,unwarming,uncliping,0,1,0,22392.029,21864.31063,0,0.014826944,2.369703856,5.108256723,2.738552867,0.949166667,2.551319444
X13_6S_N_C_1,B2,S06,2013,normal,unwarming,Cliping,0,1,1,31910.09543,29882.9808,715.7353058,0.050051204,3.081389431,5.177870579,2.096481148,0.633819444,2.678055556
X13_7N_H_N_2,B1,N07,2013,double,warming,uncliping,1,2,0,26505.48684,25174.55911,843.0532529,0.052867966,4.392978878,4.607832023,0.214853145,1.079722222,3.017013889
X13_7S_H_C_2,B1,S07,2013,double,warming,Cliping,1,2,1,28968.83064,26909.09066,913.0962076,0.055207197,1.894324749,3.237465172,1.343140423,1.382638889,3.289930556
X13_8N_N_N_0,B1,N08,2013,half,unwarming,uncliping,0,0.5,0,25462.33959,24143.17383,411.9539872,0.03915881,2.240723315,3.382195024,1.141471709,1.267916667,2.881180556
X13_8S_N_C_0,B1,S08,2013,half,unwarming,Cliping,0,0.5,1,33142.80337,30185.00795,1511.403015,0.078407444,3.482908505,5.194650735,1.71174223,1.248541667,2.790416667
X13_9N_N_N_2,B1,N09,2013,double,unwarming,uncliping,0,2,0,18680.56958,18437.5219,0,0.013182231,6.055958836,7.959518728,1.903559892,2.709513889,2.798888889
X13_9S_N_C_2,B1,S09,2013,double,unwarming,Cliping,0,2,1,25305.04708,22843.54972,1306.360617,0.087281689,3.898488187,5.730424841,1.831936654,1.530416667,3.389097222
X14_10N_H_N_1,B2,N10,2014,normal,warming,uncliping,1,1,0,15485.1954,15337.89098,0,0,0.977642476,2.344508349,1.366865873,1.407355324,2.479809028
X14_10S_H_C_1,B2,S10,2014,normal,warming,Cliping,1,1,1,18844.55256,18576.28466,0,0,3.627366182,5.09441212,1.467045938,1.722434414,2.843032407
X14_11N_N_N_0,B2,N11,2014,half,unwarming,uncliping,0,0.5,0,12986.89047,12826.21091,0,0,1.39291124,3.672003642,2.279092403,1.75775463,2.954351852
X14_11S_N_C_0,B2,S11,2014,half,unwarming,Cliping,0,0.5,1,32545.73354,31484.3074,224.2512206,0.018661901,3.597065864,5.04815396,1.451088095,1.3778125,2.710856481
X14_12N_N_N_2,B2,N12,2014,double,unwarming,uncliping,0,2,0,38815.26889,37120.31668,613.5767853,0.035105309,2.761906468,4.202433712,1.440527243,1.603408565,2.679415509
X14_12S_N_C_2,B2,S12,2014,double,unwarming,Cliping,0,2,1,22521.651,22052.3596,0,0,3.53130727,5.139133923,1.607826653,2.030023148,2.834010417
X14_13N_N_N_0,B3,N13,2014,half,unwarming,uncliping,0,0.5,0,24944.85616,24708.27227,0,0,1.447814246,2.270373978,0.822559732,1.476397569,2.357352431
X14_13S_N_C_0,B3,S13,2014,half,unwarming,Cliping,0,0.5,1,21482.35467,21286.85424,0,0,2.713810466,3.422954091,0.709143625,1.812063079,2.954722222
X14_14N_N_N_2,B3,N14,2014,double,unwarming,uncliping,0,2,0,18745.3531,18304.82187,0,0,3.568368038,3.773937315,0.205569277,2.198119213,3.65849537
X14_14S_N_C_2,B3,S14,2014,double,unwarming,Cliping,0,2,1,18629.41918,17991.58744,148.4566678,0.008251449,2.007125909,2.016754467,0.009628558,1.888110532,3.207554977
X14_15N_H_N_0,B3,N15,2014,half,warming,uncliping,1,0.5,0,22856.44752,22119.14336,182.9413006,0.021432034,0.324361388,1.51574333,1.191381942,1.980066551,2.587447917
X14_15S_H_C_0,B3,S15,2014,half,warming,Cliping,1,0.5,1,13615.01331,13615.01331,0,0,1.309226573,1.524139603,0.214913031,1.603116319,2.597537616
X14_16N_H_N_1,B4,N16,2014,normal,warming,uncliping,1,1,0,17825.99449,17700.70839,0,0,0.963662831,1.298950271,0.335287441,2.634890046,2.237777778
X14_16S_H_C_1,B4,S16,2014,normal,warming,Cliping,1,1,1,16830.70339,16509.02622,0,0,3.200712072,3.894537716,0.693825645,1.053793403,2.713828125
X14_17N_N_N_2,B4,N17,2014,double,unwarming,uncliping,0,2,0,24020.98618,23457.03688,0,0,3.21246308,3.981303665,0.768840584,2.302609954,3.438524306
X14_17S_N_C_2,B4,S17,2014,double,unwarming,Cliping,0,2,1,26817.41235,25887.23681,0,0.007333168,3.388421554,4.302269419,0.913847864,1.994626736,2.854545718
X14_18N_H_N_0,B4,N18,2014,half,warming,uncliping,1,0.5,0,28364.01226,25654.09834,1379.770147,0.06557933,1.5233682,2.109646089,0.586277889,2.562219329,2.835856481
X14_18S_H_C_0,B4,S18,2014,half,warming,Cliping,1,0.5,1,21381.97,21191.48028,0,0,2.491092129,3.433011091,0.941918962,2.283648727,3.043394097
X14_19N_N_N_1,B3,N19,2014,normal,unwarming,uncliping,0,1,0,34488.46736,33671.50443,0,0.007434522,3.672946355,5.598588258,1.925641903,2.385237269,3.171530671
X14_19S_N_C_1,B3,S19,2014,normal,unwarming,Cliping,0,1,1,22332.72992,22012.51173,0,0,2.399032081,4.20149563,1.802463549,1.901862461,3.377864583
X14_1N_H_N_1,B1,N01,2014,normal,warming,uncliping,1,1,0,16234.78842,16035.59975,0,0,2.209330415,2.903061642,0.693731227,1.337609954,2.049826389
X14_1S_H_C_1,B1,S01,2014,normal,warming,Cliping,1,1,1,15538.93781,15538.93781,0,0,0.601395305,2.232530096,1.631134791,2.157436343,10.55928241
X14_20N_H_N_1,B3,N20,2014,normal,warming,uncliping,1,1,0,15044.79447,15044.79447,0,0,1.452654304,2.9038852,1.451230897,2.392581019,2.68103588
X14_20S_H_C_1,B3,S20,2014,normal,warming,Cliping,1,1,1,26090.30822,25919.32185,0,0.006596869,3.308047759,3.619798136,0.311750377,1.640714699,2.720326968
X14_21N_H_N_2,B3,N21,2014,double,warming,uncliping,1,2,0,11078.34565,10876.09871,0,0,2.821897269,4.805069985,1.983172716,2.660656829,3.093185764
X14_21S_H_C_2,B3,S21,2014,double,warming,Cliping,1,2,1,25924.8586,25256.40544,187.8191104,0.018225506,2.842924846,4.291838048,1.448913202,1.752569444,3.345217014
X14_22N_H_N_2,B4,N22,2014,double,warming,uncliping,1,2,0,17115.21211,16809.41117,0,0,1.940678835,3.031734286,1.091055451,2.554788773,3.179389468
X14_22S_H_C_2,B4,S22,2014,double,warming,Cliping,1,2,1,22328.80938,22031.24747,0,0,3.004146998,4.549569262,1.545422265,1.508084491,3.582057292
X14_23N_N_N_1,B4,N23,2014,normal,unwarming,uncliping,0,1,0,26335.18712,26169.18498,0,0.00634342,2.164266612,3.463765618,1.299499006,2.706203704,2.888162616
X14_23S_N_C_1,B4,S23,2014,normal,unwarming,Cliping,0,1,1,28480.51989,27276.50512,131.6593026,0.013142628,3.008382549,3.873522996,0.865140446,1.758278356,2.862934028
X14_24N_N_N_0,B4,N24,2014,half,unwarming,uncliping,0,0.5,0,21377.22099,21251.36981,0,0,2.28598114,3.093072109,0.80709097,2.287317708,2.782173032
X14_24S_N_C_0,B4,S24,2014,half,unwarming,Cliping,0,0.5,1,23834.15163,23488.11698,0,0,2.193438416,2.823020463,0.629582046,1.241316551,3.078483796
X14_2N_H_N_0,B1,N02,2014,half,warming,uncliping,1,0.5,0,12811.13953,12596.95677,0,0,0.503460633,1.816745772,1.313285139,1.507048611,2.575775463
X14_2S_H_C_0,B1,S02,2014,half,warming,Cliping,1,0.5,1,20197.67943,19965.61228,0,0,1.297968424,1.944619692,0.646651268,1.776527778,1.996134259
X14_3N_N_N_1,B1,N03,2014,normal,unwarming,uncliping,0,1,0,15419.68879,15419.68879,0,0,2.86065106,5.648362933,2.787711873,1.45662037,2.767621528
X14_3S_N_C_1,B1,S03,2014,normal,unwarming,Cliping,0,1,1,18180.83484,17998.79742,0,0,2.454915268,4.8024546,2.347539332,1.358553241,2.757486497
X14_4N_H_N_2,B2,N04,2014,double,warming,uncliping,1,2,0,13021.23204,13021.23205,0,0,1.816507493,3.330188961,1.513681468,1.342748843,3.001070602
X14_4S_H_C_2,B2,S04,2014,double,warming,Cliping,1,2,1,18656.9887,18493.29731,0,0,3.157429217,6.39473987,3.237310653,1.850455247,2.998483796
X14_5N_H_N_0,B2,N05,2014,half,warming,uncliping,1,0.5,0,12997.11406,12997.11406,0,0,2.781196005,5.723576506,2.942380501,1.537065972,2.24337963
X14_5S_H_C_0,B2,S05,2014,half,warming,Cliping,1,0.5,1,19775.52323,19609.60883,0,0,1.456727422,2.358589323,0.901861901,1.629039352,2.186157407
X14_6N_N_N_1,B2,N06,2014,normal,unwarming,uncliping,0,1,0,15236.28806,15236.28806,0,0,1.681880455,3.797752721,2.115872266,1.426597222,2.39427662
X14_6S_N_C_1,B2,S06,2014,normal,unwarming,Cliping,0,1,1,19368.6069,19368.6069,0,0,2.570581463,3.833724125,1.263142663,1.090318287,2.528171296
X14_7N_H_N_2,B1,N07,2014,double,warming,uncliping,1,2,0,19025.7815,19025.7815,0,0,2.199665195,2.788308481,0.588643286,1.317476852,2.893917824
X14_7S_H_C_2,B1,S07,2014,double,warming,Cliping,1,2,1,18369.78181,18369.78182,0,0,3.897037312,5.405006375,1.507969063,1.60244213,3.16916088
X14_8N_N_N_0,B1,N08,2014,half,unwarming,uncliping,0,0.5,0,12358.03452,12358.03452,0,0,2.390861447,3.413402148,1.022540701,2.167326389,2.244265046
X14_8S_N_C_0,B1,S08,2014,half,unwarming,Cliping,0,0.5,1,26208.21282,26001.3902,0,0,2.347738613,4.217038821,1.869300209,1.399045139,2.352534722
X14_9N_N_N_2,B1,N09,2014,double,unwarming,uncliping,0,2,0,19656.44129,19482.41392,0,0,4.581271229,7.731736223,3.150464994,2.116626157,2.654074074
X14_9S_N_C_2,B1,S09,2014,double,unwarming,Cliping,0,2,1,15530.27976,15530.27976,0,0,4.100715684,6.504865483,2.404149799,2.968368056,3.397424769
X15_10N_H_N_1,B2,N10,2015,normal,warming,uncliping,1,1,0,NA,NA,NA,NA,4.268549154,6.658170142,2.389620988,3.052222222,4.374444444
X15_10S_H_C_1,B2,S10,2015,normal,warming,Cliping,1,1,1,15313.52695,15048.37602,0,0,4.603416513,5.74615698,1.142740467,2.078888889,3.435555556
X15_11N_N_N_0,B2,N11,2015,half,unwarming,uncliping,0,0.5,0,13382.33871,13160.80972,0,0,3.456203697,5.193363757,1.73716006,2.939259259,4.287037037
X15_11S_N_C_0,B2,S11,2015,half,unwarming,Cliping,0,0.5,1,19506.05162,19506.05162,0,0,5.232480492,7.491328366,2.258847874,2.545555556,3.605555556
X15_12N_N_N_2,B2,N12,2015,double,unwarming,uncliping,0,2,0,15101.88254,15101.88254,0,0,4.31891048,5.258390924,0.939480444,2.832222222,3.296666667
X15_12S_N_C_2,B2,S12,2015,double,unwarming,Cliping,0,2,1,21731.07156,20752.46728,207.6755055,0.010007268,5.929599552,7.933265895,2.003666343,3.293333333,1.911111111
X15_13N_N_N_0,B3,N13,2015,half,unwarming,uncliping,0,0.5,0,21762.21575,21366.28755,0,0,4.028948984,5.788693151,1.759744167,3.848888889,7.217777778
X15_13S_N_C_0,B3,S13,2015,half,unwarming,Cliping,0,0.5,1,19995.51792,19581.38183,0,0,4.416238224,6.64358445,2.227346226,3.152222222,3.802222222
X15_14N_N_N_2,B3,N14,2015,double,unwarming,uncliping,0,2,0,14411.04297,14250.29693,0,0,4.305218781,3.799574782,-0.505644,3.295555556,5.324444444
X15_14S_N_C_2,B3,S14,2015,double,unwarming,Cliping,0,2,1,16991.79067,16831.18368,0,0,4.696490354,5.481405974,0.78491562,3.448888889,4.008888889
X15_15N_H_N_0,B3,N15,2015,half,warming,uncliping,1,0.5,0,12522.61487,12522.61487,0,0,3.286853297,5.233706683,1.946853385,3.978888889,5.281111111
X15_15S_H_C_0,B3,S15,2015,half,warming,Cliping,1,0.5,1,15113.76917,14908.57595,0,0,5.765171517,6.769907485,1.004735968,2.454814815,4.157037037
X15_16N_H_N_1,B4,N16,2015,normal,warming,uncliping,1,1,0,NA,NA,NA,NA,4.766686469,6.297198351,1.530511882,3.704444444,2.912222222
X15_16S_H_C_1,B4,S16,2015,normal,warming,Cliping,1,1,1,13204.27596,13204.27597,0,0,6.00362475,8.507757454,2.504132705,2.542222222,5.495555556
X15_17N_N_N_2,B4,N17,2015,double,unwarming,uncliping,0,2,0,20233.61479,20233.61479,0,0,3.956741846,4.556117184,0.599375338,4.072222222,1.491111111
X15_17S_N_C_2,B4,S17,2015,double,unwarming,Cliping,0,2,1,17026.09831,16863.97047,0,0,7.883248895,9.80288372,1.919634826,5.79962963,3.804074074
X15_18N_H_N_0,B4,N18,2015,half,warming,uncliping,1,0.5,0,23218.42678,22976.68739,0,0,3.459653132,4.481130468,1.021477336,4.078888889,6.702222222
X15_18S_H_C_0,B4,S18,2015,half,warming,Cliping,1,0.5,1,18360.10646,17926.00635,0,0,4.005631596,4.012126813,0.006495216,3.532962963,3.796296296
X15_19N_N_N_1,B3,N19,2015,normal,unwarming,uncliping,0,1,0,NA,NA,NA,NA,3.793271203,3.84588661,0.052615407,3.884444444,4.670222222
X15_19S_N_C_1,B3,S19,2015,normal,unwarming,Cliping,0,1,1,18102.98782,17700.84638,0,0,5.036010119,5.940781956,0.904771837,3.225555556,3.508888889
X15_1N_H_N_1,B1,N01,2015,normal,warming,uncliping,1,1,0,NA,NA,NA,NA,2.883275843,7.052474631,4.169198788,2.775555556,3.625555556
X15_1S_H_C_1,B1,S01,2015,normal,warming,Cliping,1,1,1,23910.08332,23425.22771,0,0,3.315731287,5.385091842,2.069360555,2.92962963,3.871851852
X15_20N_H_N_1,B3,N20,2015,normal,warming,uncliping,1,1,0,NA,NA,NA,NA,3.977104559,4.818305799,0.841201241,3.554444444,3.421111111
X15_20S_H_C_1,B3,S20,2015,normal,warming,Cliping,1,1,1,31265.00912,29696.91767,378.9535616,0.018433453,5.920537885,8.81213976,2.891601875,3.46,3.701111111
X15_21N_H_N_2,B3,N21,2015,double,warming,uncliping,1,2,0,17599.47437,17394.35799,0,0,4.134832014,5.356797118,1.221965104,2.465925926,4.572592593
X15_21S_H_C_2,B3,S21,2015,double,warming,Cliping,1,2,1,25526.29647,25060.03459,0,0,4.15201919,3.925304198,-0.226714991,3.524444444,5.697777778
X15_22N_H_N_2,B4,N22,2015,double,warming,uncliping,1,2,0,30335.91164,29763.1258,0,0,4.019482853,4.488555676,0.469072822,3.683333333,6.542222222
X15_22S_H_C_2,B4,S22,2015,double,warming,Cliping,1,2,1,28082.72791,27573.48735,0,0,4.046988223,4.05458777,0.007599547,2.815555556,5.266666667
X15_23N_N_N_1,B4,N23,2015,normal,unwarming,uncliping,0,1,0,NA,NA,NA,NA,3.912098605,5.331049986,1.418951381,4.257777778,4.866666667
X15_23S_N_C_1,B4,S23,2015,normal,unwarming,Cliping,0,1,1,36648.79719,35707.23857,0,0.005472374,5.61500656,7.257849893,1.642843333,2.347777778,4.621111111
X15_24N_N_N_0,B4,N24,2015,half,unwarming,uncliping,0,0.5,0,30590.81784,29410.53408,287.0052661,0.020015632,3.689778803,3.653623133,-0.03615567,3.501111111,3.741111111
X15_24S_N_C_0,B4,S24,2015,half,unwarming,Cliping,0,0.5,1,21205.72849,20764.38795,0,0,5.452234602,5.65739736,0.205162757,2.254444444,3.445555556
X15_2N_H_N_0,B1,N02,2015,half,warming,uncliping,1,0.5,0,22016.44187,21686.38832,0,0,4.264235755,5.982862717,1.718626961,2.172222222,3.947777778
X15_2S_H_C_0,B1,S02,2015,half,warming,Cliping,1,0.5,1,27354.56063,26638.05668,0,0,2.607692191,4.722027049,2.114334858,2.103333333,4.352222222
X15_3N_N_N_1,B1,N03,2015,normal,unwarming,uncliping,0,1,0,NA,NA,NA,NA,2.992787304,3.590050613,0.597263309,2.512222222,2.691111111
X15_3S_N_C_1,B1,S03,2015,normal,unwarming,Cliping,0,1,1,22376.04379,19985.98949,1108.983605,0.055488051,4.16246578,5.00200289,0.83953711,2.335555556,4.363333333
X15_4N_H_N_2,B2,N04,2015,double,warming,uncliping,1,2,0,12683.30208,12683.30208,0,0,4.34669308,5.889702589,1.543009509,1.513333333,2.593333333
X15_4S_H_C_2,B2,S04,2015,double,warming,Cliping,1,2,1,18001.89729,18001.89729,0,0,5.055155543,7.505960727,2.450805184,2.798888889,3.172222222
X15_5N_H_N_0,B2,N05,2015,half,warming,uncliping,1,0.5,0,12304.62817,12304.62818,0,0,3.998200346,6.652709467,2.654509122,2.781111111,4.762222222
X15_5S_H_C_0,B2,S05,2015,half,warming,Cliping,1,0.5,1,17707.11666,17402.22299,0,0,3.940678168,4.824919982,0.884241814,2.263333333,2.375555556
X15_6N_N_N_1,B2,N06,2015,normal,unwarming,uncliping,0,1,0,NA,NA,NA,NA,4.432434721,6.135988057,1.703553337,1.977777778,2.824444444
X15_6S_N_C_1,B2,S06,2015,normal,unwarming,Cliping,0,1,1,17025.08538,16809.85202,0,0,4.5099979,5.075417297,0.565419397,3.371111111,4.2
X15_7N_H_N_2,B1,N07,2015,double,warming,uncliping,1,2,0,32159.27853,31405.14762,213.811138,0.006808156,5.460870514,7.423955875,1.963085362,2.321111111,4.702222222
X15_7S_H_C_2,B1,S07,2015,double,warming,Cliping,1,2,1,18519.29175,18067.98262,0,0,5.318633149,7.150244586,1.831611436,2.222222222,3.648888889
X15_8N_N_N_0,B1,N08,2015,half,unwarming,uncliping,0,0.5,0,16406.11759,16010.54053,0,0,4.373774502,6.15575179,1.781977288,2.211481481,2.732592593
X15_8S_N_C_0,B1,S08,2015,half,unwarming,Cliping,0,0.5,1,18430.82828,18430.82828,0,0,4.546160147,6.529943224,1.983783077,3.354444444,4.446666667
X15_9N_N_N_2,B1,N09,2015,double,unwarming,uncliping,0,2,0,11776.19143,11776.19143,0,0,4.9563897,7.210201213,2.253811513,4.653703704,4.647037037
X15_9S_N_C_2,B1,S09,2015,double,unwarming,Cliping,0,2,1,15345.62565,14820.69279,0,0,5.190731337,5.846736455,0.656005118,4.921111111,3.718888889
X16_10N_H_N_1,B2,N10,2016,normal,warming,uncliping,1,1,0,28021.55537,26340.11351,426.4859114,0.048762364,1.877138779,3.420167619,1.54302884,2.4075,3.80125
X16_10S_H_C_1,B2,S10,2016,normal,warming,Cliping,1,1,1,41873.53043,38222.36014,1307.3065,0.074883592,2.939524471,5.239856793,2.300332322,2.85875,3.965
X16_11N_N_N_0,B2,N11,2016,half,unwarming,uncliping,0,0.5,0,30063.70063,27601.80346,1263.541414,0.080241976,2.652060063,4.17897207,1.526912006,3.195,5.725
X16_11S_N_C_0,B2,S11,2016,half,unwarming,Cliping,0,0.5,1,48799.10414,43041.65067,3230.038549,0.124465632,3.462248044,4.914262402,1.452014358,2.556875,3.84375
X16_12N_N_N_2,B2,N12,2016,double,unwarming,uncliping,0,2,0,51293.77247,45992.32786,2022.993438,0.087114975,3.504558608,4.804165449,1.267082219,2.921875,4.50375
X16_12S_N_C_2,B2,S12,2016,double,unwarming,Cliping,0,2,1,52663.63653,47871.58927,1870.388738,0.083514072,3.617613697,4.219784434,0.602170738,3.01125,4.253125
X16_13N_N_N_0,B3,N13,2016,half,unwarming,uncliping,0,0.5,0,85265.38092,71136.44322,9072.812155,0.171046671,1.998544804,4.121203782,2.271117007,3.28875,4.474375
X16_13S_N_C_0,B3,S13,2016,half,unwarming,Cliping,0,0.5,1,22281.05421,21064.50384,363.333579,0.035773203,3.576238199,5.142182291,1.565944092,3.146875,6.18625
X16_14N_N_N_2,B3,N14,2016,double,unwarming,uncliping,0,2,0,32492.46223,29677.51754,1583.778134,0.079963875,2.918539102,3.657439132,0.73890003,3.18875,7.393125
X16_14S_N_C_2,B3,S14,2016,double,unwarming,Cliping,0,2,1,74682.47043,63114.05426,5938.136693,0.136912424,5.885624388,4.116152589,-1.769471799,4.905,9.270625
X16_15N_H_N_0,B3,N15,2016,half,warming,uncliping,1,0.5,0,62373.65264,53027.50418,2750.337825,0.090057997,8.167023922,4.040475628,0.343415291,3.5025,6.196875
X16_15S_H_C_0,B3,S15,2016,half,warming,Cliping,1,0.5,1,15263.73358,13901.80055,1179.05614,0.097968103,4.762250913,6.925806988,1.889302953,3.42,5.164375
X16_16N_H_N_1,B4,N16,2016,normal,warming,uncliping,1,1,0,23132.07938,20509.93642,1778.366833,0.11330887,2.956108142,5.72256754,2.766459398,3.275625,5.935625
X16_16S_H_C_1,B4,S16,2016,normal,warming,Cliping,1,1,1,21616.29435,20686.84978,285.310674,0.034588814,4.997933373,4.733388716,-0.284942256,3.015625,7.296875
X16_17N_N_N_2,B4,N17,2016,double,unwarming,uncliping,0,2,0,49186.69955,42950.67285,2708.399167,0.106688482,4.650110007,5.962491547,1.418901286,4.0825,3.874375
X16_17S_N_C_2,B4,S17,2016,double,unwarming,Cliping,0,2,1,39877.80065,32959.39826,2480.637096,0.122178237,7.270352883,7.111962666,-0.158390218,4.333125,5.328125
X16_18N_H_N_0,B4,N18,2016,half,warming,uncliping,1,0.5,0,21008.12703,19465.09134,570.7074064,0.051379285,3.200361532,4.727111023,1.52674949,3.144375,6.61625
X16_18S_H_C_0,B4,S18,2016,half,warming,Cliping,1,0.5,1,26433.05035,23806.63836,1567.579912,0.09935211,4.071375817,4.352051493,-0.051989773,4.773125,5.961875
X16_19N_N_N_1,B3,N19,2016,normal,unwarming,uncliping,0,1,0,29474.70366,27512.46857,640.8776917,0.051209101,2.447984797,2.212237376,-0.136390371,3.59625,5.863125
X16_19S_N_C_1,B3,S19,2016,normal,unwarming,Cliping,0,1,1,33171.27411,29983.79775,1849.396781,0.092917214,3.791267026,3.884166102,0.236965722,4.355,9.455625
X16_1N_H_N_1,B1,N01,2016,normal,warming,uncliping,1,1,0,34430.74416,33061.45364,475.9256292,0.014395182,3.461467869,5.561766219,1.893960067,2.983125,6.515
X16_1S_H_C_1,B1,S01,2016,normal,warming,Cliping,1,1,1,10946.90247,10748.05539,0,0,2.395581001,3.644140329,1.326533438,3.425625,4.1075
X16_20N_H_N_1,B3,N20,2016,normal,warming,uncliping,1,1,0,17579.95052,16763.26132,452.6551131,0.048718992,2.934838437,3.840402113,0.371458832,3.745,4.8575
X16_20S_H_C_1,B3,S20,2016,normal,warming,Cliping,1,1,1,108759.3781,69349.408,28737.60589,0.439942143,4.801597363,6.456012708,1.260670761,3.68125,4.679375
X16_21N_H_N_2,B3,N21,2016,double,warming,uncliping,1,2,0,26853.73611,24762.06593,900.2449478,0.066644853,3.280406389,5.195721639,1.868969738,3.579375,5.89125
X16_21S_H_C_2,B3,S21,2016,double,warming,Cliping,1,2,1,45895.73225,41049.04172,2075.980403,0.088746445,5.019424475,5.770138283,0.750713808,4.605625,8.239375
X16_22N_H_N_2,B4,N22,2016,double,warming,uncliping,1,2,0,30013.63104,28134.29458,706.54279,0.043925402,3.41758423,5.272122589,1.806496522,4.361875,7.92
X16_22S_H_C_2,B4,S22,2016,double,warming,Cliping,1,2,1,52643.06731,48616.41659,1466.66618,0.068101077,3.72805471,4.86720474,1.139150031,3.45375,6.460625
X16_23N_N_N_1,B4,N23,2016,normal,unwarming,uncliping,0,1,0,41621.25986,38421.02577,1103.065827,0.061983631,3.379746921,4.661011252,1.281264331,4.28875,5.28625
X16_23S_N_C_1,B4,S23,2016,normal,unwarming,Cliping,0,1,1,59339.36557,53462.28476,1565.079109,0.077071525,4.128900418,4.951564086,0.822663668,4.860625,6.388125
X16_24N_N_N_0,B4,N24,2016,half,unwarming,uncliping,0,0.5,0,59300.15235,49403.42385,6467.522816,0.171705817,2.949296479,5.855045969,2.90574949,3.13375,4.886875
X16_24S_N_C_0,B4,S24,2016,half,unwarming,Cliping,0,0.5,1,58256.99501,52096.78654,2555.373229,0.094255262,4.297711272,5.67111209,1.373400818,3.549375,4.165625
X16_2N_H_N_0,B1,N02,2016,half,warming,uncliping,1,0.5,0,17843.51233,17429.82574,139.3002907,0.007992064,2.650821737,4.075644107,1.337954688,2.284375,4.17375
X16_2S_H_C_0,B1,S02,2016,half,warming,Cliping,1,0.5,1,25533.04251,25533.0425,0,0,2.49686516,3.730335726,1.233470566,2.3875,3.881875
X16_3N_N_N_1,B1,N03,2016,normal,unwarming,uncliping,0,1,0,24902.01808,24588.95088,0,0,1.520767571,2.785725708,1.264958137,2.205,3.19125
X16_3S_N_C_1,B1,S03,2016,normal,unwarming,Cliping,0,1,1,23186.11818,21932.70414,639.5837071,0.04949578,2.352283323,3.540372889,1.188089567,2.794375,4.663125
X16_4N_H_N_2,B2,N04,2016,double,warming,uncliping,1,2,0,36847.47011,32336.17064,3152.960015,0.125632373,1.985941826,3.484696239,1.498754412,2.504375,4.03875
X16_4S_H_C_2,B2,S04,2016,double,warming,Cliping,1,2,1,17449.35434,16922.53437,404.2049599,0.031131269,3.073680942,3.604498552,0.530817609,2.4475,4.73375
X16_5N_H_N_0,B2,N05,2016,half,warming,uncliping,1,0.5,0,17234.61471,16178.21199,556.2397164,0.053831833,2.211502442,2.610322973,0.398820532,2.991875,3.639375
X16_5S_H_C_0,B2,S05,2016,half,warming,Cliping,1,0.5,1,29924.76097,26498.45357,2231.829892,0.120817847,3.182073812,4.43836043,1.256286619,2.42625,3.7175
X16_6N_N_N_1,B2,N06,2016,normal,unwarming,uncliping,0,1,0,18901.63237,17778.49087,737.7292378,0.063174176,2.928629806,3.400727295,0.472097488,2.535625,3.79375
X16_6S_N_C_1,B2,S06,2016,normal,unwarming,Cliping,0,1,1,31369.48232,29285.492,682.1179761,0.054935922,3.717657541,4.538007035,0.820349494,2.34,4.260625
X16_7N_H_N_2,B1,N07,2016,double,warming,uncliping,1,2,0,52033.89289,44838.50546,4300.179302,0.136894413,3.755088111,6.375643923,2.620555811,3.805625,8.049375
X16_7S_H_C_2,B1,S07,2016,double,warming,Cliping,1,2,1,80480.06383,69940.58727,5763.747696,0.129769902,4.098995008,5.996475302,1.897480295,3.226875,5.926875
X16_8N_N_N_0,B1,N08,2016,half,unwarming,uncliping,0,0.5,0,56301.57796,47312.1126,6063.191113,0.166197952,5.065224346,4.779708766,-0.28551558,2.98125,4.59625
X16_8S_N_C_0,B1,S08,2016,half,unwarming,Cliping,0,0.5,1,41451.26032,37517.52483,1288.463357,0.07177293,3.166440372,4.772793631,1.923903482,2.57125,4.694375
X16_9N_N_N_2,B1,N09,2016,double,unwarming,uncliping,0,2,0,59124.57183,48566.59583,6452.59155,0.179311422,3.580749362,4.816947092,1.076191626,4.138125,4.6375
X16_9S_N_C_2,B1,S09,2016,double,unwarming,Cliping,0,2,1,26828.27844,25348.3916,405.0785164,0.042583111,3.594675521,4.729700546,1.135025025,3.83,5.97375