,Bacteria.total.richness,Fungi.total.richness,Acidobacteria,Actinobacteria,Alphaproteobacteria,Bacteroidetes,Betaproteobacteria,Chlamydiae,Chloroflexi,Deltaproteobacteria,Firmicutes,Gammaproteobacteria,Gemmatimonadetes,Nitrospirae,Planctomycetes,Thaumarchaeota,Verrucomicrobia,Ascomycota,Basidiomycota,Mortierellomycota,Saprotroph,AM.Fungi,Pathogen,block,plot,year,warm,precip,clip,total.PLFA,Bacterial biomass,Fungal biomass,F.Bratio,ER_annualmean,GPP_annualmean,NEE_annualmean,Heterotrophic,total_soil_respiration
X09_10S_H_C_1,5591,580,712,865,700,504,234,88,117,347,354,238,114,14,289,19,295,361,78,12,156,29,34,B2,S10,2009,0,1,0,40692.09544,38062.44953,872.5447339,0.056643571,5.441832296,11.63086135,6.189029059,NA,NA
X09_11S_N_C_0,7746,531,1009,966,787,740,277,156,166,494,330,389,118,19,500,32,514,308,69,16,149,31,24,B2,S11,2009,0,1,0,34374.78615,31823.1017,950.9223521,0.061166502,7.752553064,12.54981194,4.79725888,NA,NA
X09_12S_N_C_2,7684,637,1020,976,801,612,252,188,172,496,335,399,127,15,488,29,510,370,69,16,167,45,33,B2,S12,2009,0,1,0,25713.76563,25159.69924,0,0.02202198,9.291400446,11.85034668,2.558946234,NA,NA
X09_13S_N_C_0,8225,658,1059,1158,897,725,332,130,186,584,239,335,152,12,612,27,512,371,83,15,174,56,31,B3,S13,2009,0,1,0,44571.64214,40006.48723,2128.251321,0.08597448,6.945354831,10.85741014,3.912055306,NA,NA
X09_14S_N_C_2,6914,593,908,976,802,534,340,100,128,481,329,313,136,15,397,21,439,347,94,13,154,43,41,B3,S14,2009,0,1,0,51562.82226,47779.74333,960.2362744,0.05321471,7.42714462,10.32138518,2.894240559,NA,NA
X09_15S_H_C_0,7718,642,1046,989,940,570,308,135,154,545,434,336,149,12,434,25,447,353,92,15,161,54,34,B3,S15,2009,0,1,0,36593.69097,34367.94483,750.5011777,0.053403505,6.062333211,9.235843529,3.173510318,NA,NA
X09_16S_H_C_1,7820,490,953,1097,950,741,321,123,151,474,248,351,147,17,496,26,472,302,65,11,120,28,31,B4,S16,2009,0,1,0,42517.10567,39728.54486,697.8726966,0.05009362,6.041609075,9.043173883,3.001564808,NA,NA
X09_17S_N_C_2,7802,602,1015,1045,872,643,325,150,144,668,357,380,133,11,436,27,426,366,84,14,156,46,36,B4,S17,2009,0,1,0,45216.16143,40854.14244,1636.225724,0.086177577,8.657540529,12.92486092,4.267320388,NA,NA
X09_18S_H_C_0,7309,507,1000,1066,802,544,294,166,135,452,295,344,135,8,483,26,456,329,72,12,129,21,35,B4,S18,2009,0,1,0,33772.76991,31773.45499,684.0737833,0.052158936,7.242396825,12.42893807,5.186541249,NA,NA
X09_19S_N_C_1,7977,630,1016,1187,810,597,328,143,162,583,259,377,151,14,523,28,459,314,75,18,148,103,35,B3,S19,2009,0,1,0,38756.39095,36763.05363,414.5691699,0.044008895,10.60208406,12.74698845,2.144904394,NA,NA
X09_1S_H_C_1,7703,374,1085,1040,822,624,323,130,165,540,286,323,155,18,446,29,455,241,52,7,93,20,23,B1,S01,2009,0,1,0,23081.61907,22074.22787,340.4778373,0.015424224,7.760058366,10.15046303,2.390404665,NA,NA
X09_20S_H_C_1,7367,521,1028,872,795,585,267,127,193,516,299,341,110,12,513,20,483,303,78,11,143,62,19,B3,S20,2009,0,1,0,30992.00337,30340.87193,133.1387978,0.004388101,6.973755628,9.727989232,2.754233605,NA,NA
X09_21S_H_C_2,7287,564,924,957,830,629,279,128,145,517,346,354,117,11,473,25,443,345,64,11,147,58,28,B3,S21,2009,0,1,0,35120.91611,32859.30443,409.7821129,0.048591327,10.99412783,15.72888633,4.734758496,NA,NA
X09_22S_H_C_2,6574,476,911,879,763,472,293,109,132,425,340,289,135,11,400,26,382,270,68,9,109,64,21,B4,S22,2009,0,1,0,32445.47765,30539.17745,470.8128668,0.04435903,7.517193098,9.852642692,2.335449594,NA,NA
X09_23S_N_C_1,7346,638,971,1129,912,598,321,108,138,467,303,334,129,10,471,23,441,346,87,10,165,92,31,B4,S23,2009,0,1,0,64605.44808,57961.23857,2310.366943,0.086454445,8.083961864,10.99244958,2.908487714,NA,NA
X09_24S_N_C_0,7321,604,919,1125,906,657,296,96,142,518,302,309,131,10,462,24,429,392,61,8,147,49,45,B4,S24,2009,0,1,0,86107.56026,76712.2912,4369.888008,0.096679255,7.169617636,10.71518412,3.545566481,NA,NA
X09_2S_H_C_0,7438,409,946,943,951,620,290,119,171,463,390,380,138,12,501,27,438,249,77,11,120,15,22,B1,S02,2009,0,1,0,31481.77718,30566.13467,314.9319067,0.010303295,4.508258471,7.57867448,3.070416009,NA,NA
X09_3S_N_C_1,7231,442,1040,1009,832,497,276,166,171,473,348,366,124,15,374,29,444,280,56,13,132,14,27,B1,S03,2009,0,1,0,21915.45197,21578.11814,0,0,7.195489438,10.58315305,3.38766361,NA,NA
X09_4S_H_C_2,7484,346,975,962,800,636,290,171,155,460,264,351,126,19,495,26,505,196,31,8,79,45,18,B2,S04,2009,0,1,0,24159.75473,24159.75473,0,0,6.829725488,10.5186173,3.688891815,NA,NA
X09_5S_H_C_0,7422,385,962,1115,908,657,286,137,134,461,279,308,134,17,422,30,449,252,48,7,91,19,23,B2,S05,2009,0,1,0,28759.89528,28359.84992,0,0,3.285624122,5.72799152,2.442367398,NA,NA
X09_6S_N_C_1,7784,541,998,1052,955,598,296,151,154,574,294,406,134,11,500,24,450,312,66,16,162,38,24,B2,S06,2009,0,1,0,24716.6345,24716.6345,0,0,4.824389096,7.235415029,2.411025933,NA,NA
X09_7S_H_C_2,7777,445,971,1003,854,686,305,154,156,542,321,411,125,18,475,36,446,250,57,13,120,41,21,B1,S07,2009,0,1,0,42081.10103,39765.57916,552.6463049,0.039639453,5.958598849,10.09800619,4.139407337,NA,NA
X09_8S_N_C_0,7729,556,995,1210,931,684,280,116,144,453,206,367,143,11,529,23,518,342,69,11,151,43,22,B1,S08,2009,0,1,0,48362.24679,45520.61211,841.5305106,0.048310832,6.269605122,9.775643741,3.506038619,NA,NA
X09_9S_N_C_2,8078,752,1079,1077,896,664,341,155,148,594,306,340,147,15,523,32,499,411,90,16,200,84,43,B1,S09,2009,0,1,0,34081.74734,32124.45839,406.6476867,0.044022888,8.652555121,12.53923853,3.886683405,NA,NA
X10_10N_H_N_1,7478,420,1039,1055,989,491,276,131,137,538,250,393,145,15,422,22,356,270,37,9,119,12,26,B2,N10,2010,1,1,0,28022.58159,27822.22023,0,0,2.52997944,4.382960026,1.852980586,2.199166667,4.074166667
X10_10S_H_C_1,7099,412,909,1065,918,382,284,136,119,554,245,313,148,18,441,25,401,236,38,8,112,9,16,B2,S10,2010,1,1,1,21698.93324,21400.45599,0,0,4.889235548,8.733524752,3.844289204,2.849166667,3.53
X10_11N_N_N_0,6784,602,881,1059,821,404,278,147,117,476,220,366,148,14,386,31,350,324,57,15,135,23,29,B2,N11,2010,0,0.5,0,22020.72697,21512.05943,234.3844543,0.010895491,4.372905311,6.583072852,2.210167541,1.783333333,4.180833333
X10_11S_N_C_0,7229,109,977,1006,780,401,297,209,126,512,371,358,121,18,478,26,401,58,10,3,27,2,4,B2,S11,2010,0,0.5,1,15658.80753,15395.50756,0,0,5.419330761,8.028473013,2.609142252,1.925,3.3025
X10_12N_N_N_2,6385,343,760,787,941,600,301,92,106,439,233,367,109,12,444,25,348,247,34,7,96,1,21,B2,N12,2010,0,2,0,16122.98627,15856.3078,0,0,5.016476995,5.947537941,0.931060946,2.655,3.444166667
X10_12S_N_C_2,7256,404,936,903,862,528,314,186,124,508,244,410,110,18,498,29,434,242,39,7,99,20,20,B2,S12,2010,0,2,1,12250.23453,11884.82188,0,0,5.471551352,8.371454174,2.899902822,1.479166667,3.714166667
X10_13N_N_N_0,6906,337,908,963,922,537,289,160,107,444,289,352,124,16,363,22,371,225,35,4,91,9,25,B3,N13,2010,0,0.5,0,19219.46247,18947.849,0,0,6.016272814,7.908303355,1.89203054,2.685833333,3.829166667
X10_13S_N_C_0,6573,483,845,1059,756,299,262,156,122,445,281,304,127,14,376,25,342,260,47,6,120,24,31,B3,S13,2010,0,0.5,1,14821.38937,14415.30797,0,0,5.639775978,8.178298856,2.538522878,2.864166667,4.650833333
X10_14N_N_N_2,6667,358,697,947,847,580,271,131,94,476,256,380,82,14,386,33,417,243,48,4,99,5,27,B3,N14,2010,0,2,0,60510.01262,51612.87604,4100.198504,0.114434547,7.273705785,8.656472352,1.382766567,3.063333333,3.9225
X10_14S_N_C_2,6916,426,945,838,758,524,296,129,130,479,212,349,105,18,405,35,446,278,44,11,117,11,26,B3,S14,2010,0,2,1,25481.95394,22977.08602,914.2381359,0.053780695,6.589220507,9.088268795,2.499048288,2.652777778,5.049166667
X10_15N_H_N_0,6327,270,843,1022,771,303,250,140,104,392,280,241,111,13,350,26,384,166,30,5,79,5,19,B3,N15,2010,1,0.5,0,14863.08934,14590.52229,0,0,4.376485616,6.30349092,1.927005304,2.503333333,3.565833333
X10_15S_H_C_0,5577,258,614,1009,914,319,213,108,92,332,284,253,70,7,245,22,264,188,32,3,66,0,15,B3,S15,2010,1,0.5,1,22193.81933,20294.07714,883.1848997,0.056219744,4.591545915,6.393535032,1.801989117,2.583333333,3.694166667
X10_16N_H_N_1,6864,201,866,1141,904,422,276,138,104,470,296,313,133,14,355,27,355,138,16,4,51,4,9,B4,N16,2010,1,1,0,25804.85508,25490.05834,0,0,3.47642491,5.734048523,2.257623614,2.431666667,3.49
X10_16S_H_C_1,6122,228,797,1068,791,332,258,103,101,402,238,255,116,16,331,20,328,164,21,4,63,6,9,B4,S16,2010,1,1,1,21255.08043,20904.23594,0,0,4.69565199,7.512721938,2.817069949,2.320833333,3.924166667
X10_17N_N_N_2,6893,356,828,1065,981,468,295,163,109,494,275,319,102,13,379,25,354,243,41,3,80,3,25,B4,N17,2010,0,2,0,12818.49548,12818.49548,0,0,3.709387908,5.283963419,1.574575511,2.488333333,3.1675
X10_17S_N_C_2,6209,348,787,1064,825,311,235,61,91,421,348,271,153,11,430,19,319,202,51,5,101,25,17,B4,S17,2010,0,2,1,25954.34295,24256.60062,788.3090963,0.04791796,6.612036415,9.796749845,3.18471343,2.9175,4.538333333
X10_18N_H_N_0,6940,357,808,1034,859,482,280,164,123,473,252,363,142,13,402,23,375,222,30,6,92,15,19,B4,N18,2010,1,0.5,0,18520.41155,18194.24306,0,0,3.964352048,6.525278282,2.560926233,2.030833333,4.133333333
X10_18S_H_C_0,7045,348,954,1139,879,427,293,123,134,462,295,308,155,14,415,29,333,210,31,6,94,16,12,B4,S18,2010,1,0.5,1,23006.68912,22627.43881,0,0,4.851412064,7.933017834,3.081605769,2.6975,3.676666667
X10_19N_N_N_1,7872,498,923,1182,1023,659,317,156,155,588,254,342,159,15,466,25,431,301,60,8,120,13,27,B3,N19,2010,0,1,0,22566.25797,22263.78148,0,0,3.679079873,4.210570452,0.531490579,2.205833333,2.895833333
X10_19S_N_C_1,6973,171,907,1155,890,393,267,100,112,542,228,274,166,12,486,16,325,96,8,5,41,0,8,B3,S19,2010,0,1,1,55446.70111,50351.81087,1242.727613,0.043469136,5.213502724,7.962184759,2.748682035,2.624166667,4.463333333
X10_1N_H_N_1,5892,235,692,927,854,522,268,112,89,361,279,278,119,9,257,26,282,160,21,5,61,0,20,B1,N01,2010,1,1,0,18795.53718,18795.53718,0,0,3.598363484,6.932642416,3.334278932,1.565,2.3825
X10_1S_H_C_1,6886,277,861,1129,976,359,322,122,117,533,252,316,151,14,413,26,307,180,23,5,80,1,9,B1,S01,2010,1,1,1,29376.02259,28881.69968,0,0,5.152755832,8.290805538,3.138049706,2.536666667,3.620833333
X10_20N_H_N_1,6915,306,838,1097,1077,519,296,99,130,480,241,294,149,14,363,25,339,217,37,3,98,8,19,B3,N20,2010,1,1,0,49598.51982,45999.0018,1113.570826,0.047238515,4.414959978,6.995434575,2.580474597,2.08,3.3275
X10_20S_H_C_1,6989,461,880,1101,1006,398,280,125,92,450,321,309,164,9,423,24,352,285,35,9,128,17,25,B3,S20,2010,1,1,1,19769.66053,19769.66053,0,0,5.552345755,9.053458016,3.501112261,2.3075,3.985
X10_21N_H_N_2,5413,148,624,975,959,438,256,62,62,321,140,246,83,12,224,20,259,122,16,0,41,0,12,B3,N21,2010,1,2,0,30485.89312,28826.44243,602.9574923,0.033850435,3.923073978,5.744044546,1.820970568,2.7225,3.463333333
X10_21S_H_C_2,6094,181,776,1018,901,404,262,81,96,395,238,247,86,17,363,24,325,122,39,1,37,0,19,B3,S21,2010,1,2,1,27288.86109,25454.48759,741.1624011,0.040770017,4.489552567,7.599239048,3.109686481,1.9425,3.324166667
X10_22N_H_N_2,6764,343,889,968,974,464,310,149,114,411,214,318,88,15,373,26,398,233,35,4,89,7,16,B4,N22,2010,1,2,0,48554.86657,43931.10019,1795.591741,0.067108457,3.953530699,5.766572466,1.813041767,3.113333333,3.648333333
X10_22S_H_C_2,7536,302,933,1129,1095,636,318,91,134,529,207,304,139,14,437,28,406,221,33,2,75,17,20,B4,S22,2010,1,2,1,21287.10975,21011.43358,0,0,4.242760196,7.445427658,3.202667462,2.408333333,3.4725
X10_23N_N_N_1,6599,377,810,867,879,518,274,137,104,479,256,328,97,9,398,24,475,232,51,5,102,21,23,B4,N23,2010,0,1,0,27617.11664,26515.3032,255.1911417,0.009624297,3.873619761,5.26221487,1.388595109,2.280833333,3.751666667
X10_23S_N_C_1,7112,216,878,1094,1097,586,322,94,120,523,206,309,126,11,354,28,290,171,18,1,57,2,14,B4,S23,2010,0,1,1,32811.49148,30959.13649,612.4908024,0.035314142,6.584059884,8.606371453,2.022311569,2.205,4.040833333
X10_24N_N_N_0,7145,361,762,1134,1042,582,292,131,122,479,260,369,132,12,388,25,367,258,36,8,101,9,22,B4,N24,2010,0,0.5,0,27334.10119,26889.56869,0,0,5.555783121,7.968190153,2.412407032,2.188333333,3.344166667
X10_24S_N_C_0,6807,443,946,1041,858,339,288,97,118,480,305,274,169,16,379,26,361,274,40,12,140,13,22,B4,S24,2010,0,0.5,1,20976.13872,20412.63317,0,0,5.355894314,6.837092589,1.481198275,2.316666667,3.575833333
X10_2N_H_N_0,6933,401,855,1102,1006,401,272,142,120,514,345,308,149,11,355,26,297,277,35,9,137,8,23,B1,N02,2010,1,0.5,0,22123.00663,22123.00663,0,0,2.964145751,5.353943084,2.389797334,2.3625,3.528055556
X10_2S_H_C_0,6882,334,772,919,1044,594,319,125,129,439,196,325,92,13,394,27,394,251,33,5,93,5,23,B1,S02,2010,1,0.5,1,11873.04963,11873.04963,0,0,3.729240029,6.323363018,2.594122989,2.299166667,3.401666667
X10_3N_N_N_1,6689,300,814,920,889,641,286,111,126,450,303,338,121,18,352,27,333,194,42,5,81,1,22,B1,N03,2010,0,1,0,20269.55072,19979.00628,0,0,4.639439963,5.71484349,1.075403527,1.9375,3.27
X10_3S_N_C_1,6048,267,708,1042,950,429,270,63,108,368,284,264,127,9,310,19,290,195,36,1,63,6,17,B1,S03,2010,0,1,1,10479.01798,10365.55695,0,0,4.754221521,7.425076732,2.670855211,2.1725,3.794166667
X10_4N_H_N_2,7363,546,941,1111,938,431,328,162,105,498,264,363,141,22,374,26,442,325,45,13,149,19,33,B2,N04,2010,1,2,0,17310.6927,17310.6927,0,0,3.628086796,4.305610182,0.677523386,2.250833333,4.186666667
X10_4S_H_C_2,7190,325,874,1036,948,537,312,174,113,506,247,376,139,14,346,18,353,208,28,5,88,3,19,B2,S04,2010,1,2,1,16503.47827,16176.57384,0,0,5.270484955,7.166421446,1.895936491,2.889166667,4.498333333
X10_5N_H_N_0,6460,515,907,1007,736,346,275,109,109,432,405,312,144,14,330,27,350,281,56,9,135,37,23,B2,N05,2010,1,0.5,0,19573.32731,19251.92397,0,0,4.218462428,6.264470995,2.046008567,2.251666667,3.140833333
X10_5S_H_C_0,6525,349,853,1056,777,390,267,144,111,457,289,302,116,16,349,31,361,211,38,8,103,9,14,B2,S05,2010,1,0.5,1,25906.8594,25539.73495,0,0,3.115845207,4.860476158,1.744630951,2.951666667,3.300833333
X10_6N_N_N_1,6824,542,865,1007,834,376,278,181,108,466,314,320,134,14,361,30,408,317,46,11,150,19,31,B2,N06,2010,0,1,0,15104.59168,14810.91745,0,0,4.314427801,5.964107425,1.649679624,1.6,3.0125
X10_6S_N_C_1,7344,531,943,1049,869,429,273,194,120,549,301,370,137,15,394,23,414,316,65,9,134,16,27,B2,S06,2010,0,1,1,17244.79587,16905.13322,0,0,6.154765401,7.502589616,1.347824215,1.880833333,4.256666667
X10_7N_H_N_2,6599,114,898,1019,727,379,287,129,117,474,237,282,145,15,401,33,350,77,13,6,37,1,4,B1,N07,2010,1,2,0,34926.58831,34554.91377,0,0,5.324791784,8.179609082,2.854817299,2.926666667,3.945
X10_7S_H_C_2,7033,537,948,1061,744,358,272,149,117,556,245,363,151,19,398,25,409,289,44,10,155,22,24,B1,S07,2010,1,2,1,25352.14708,24930.15641,0,0,4.790940125,7.176857129,2.385917005,2.485833333,4.228333333
X10_8N_N_N_0,6904,498,919,1145,747,525,321,118,117,448,278,320,157,14,370,27,406,294,48,8,130,22,27,B1,N08,2010,0,0.5,0,17797.03388,17422.03513,0,0,4.939049449,6.993034231,2.053984782,1.911666667,3.7425
X10_8S_N_C_0,5312,157,633,1052,797,318,245,80,73,305,196,192,55,14,247,21,276,110,16,4,31,3,14,B1,S08,2010,0,0.5,1,29761.91171,29325.15956,0,0,5.392289574,8.437930888,3.045641314,2.4175,4.2325
X10_9N_N_N_2,7529,247,977,1069,948,514,335,160,142,557,251,363,147,11,416,31,425,158,16,7,67,3,11,B1,N09,2010,0,2,0,16437.041,16111.17356,0,0,4.647296407,6.255636044,1.608339637,3.204166667,4.138333333
X10_9S_N_C_2,6372,329,677,1205,1063,476,278,81,126,394,248,271,96,13,307,23,297,234,41,4,97,10,23,B1,S09,2010,0,2,1,21178.77897,20649.98433,0,0,5.616655564,8.531469316,2.914813752,2.646666667,3.245833333
X11_10N_H_N_1,6291,511,892,1224,750,424,256,78,115,352,313,163,184,16,314,33,274,302,56,11,147,33,22,B2,N10,2011,1,1,0,29933.90677,29401.94471,0,0.008798989,3.44278196,5.758229699,2.315447739,1.785,3.146666667
X11_10S_H_C_1,5410,390,708,1019,664,205,214,90,102,310,419,179,132,12,306,26,207,234,43,6,113,24,15,B2,S10,2011,1,1,1,40258.76148,36129.52072,2525.766212,0.087134556,3.650220523,6.646520246,2.996299724,1.660833333,2.96
X11_11N_N_N_0,5922,266,700,1176,895,421,283,83,84,350,228,201,133,13,329,21,210,169,22,4,74,6,15,B2,N11,2011,0,0.5,0,22356.18751,22356.18751,0,0,3.88967447,6.596561957,2.706887486,1.990833333,3.491666667
X11_11S_N_C_0,5838,468,702,1262,816,297,251,57,101,317,310,133,170,14,319,28,219,300,45,8,132,18,28,B2,S11,2011,0,0.5,1,32457.7766,31739.34093,314.0177451,0.022635494,3.788626484,6.551535385,2.7629089,1.703333333,3.545
X11_12N_N_N_2,6450,433,914,1148,856,398,278,76,111,356,271,229,197,14,361,23,324,278,33,12,127,17,17,B2,N12,2011,0,2,0,32135.17451,30572.53251,528.560747,0.034872074,4.042423113,6.285275348,2.242852235,1.658333333,3.570833333
X11_12S_N_C_2,5215,478,769,821,724,176,206,102,75,341,234,225,72,10,415,18,345,270,45,9,142,47,29,B2,S12,2011,0,2,1,24167.19666,23919.75541,0,0,5.358495852,8.663564932,3.30506908,0.914166667,3.673333333
X11_13N_N_N_0,5574,338,586,1106,1041,430,248,57,63,288,266,212,140,10,251,17,213,241,33,4,116,6,21,B3,N13,2011,0,0.5,0,42050.30424,38990.53425,1672.995025,0.064454709,4.721598337,7.543660139,2.822061802,1.518333333,3.243888889
X11_13S_N_C_0,5467,379,688,1063,888,303,246,65,71,310,255,175,136,12,310,24,222,251,36,7,109,21,21,B3,S13,2011,0,0.5,1,52362.0843,48493.3671,1953.212488,0.065879965,4.804910311,7.25439467,2.449484359,2.066666667,3.795
X11_14N_N_N_2,6472,406,959,1223,829,365,250,68,112,348,297,241,134,10,423,22,288,270,33,7,118,20,19,B3,N14,2011,0,2,0,46978.86317,44712.03962,731.5649669,0.040498993,5.34802144,8.169579353,2.821557913,2.553333333,2.8825
X11_14S_N_C_2,7108,508,1014,1262,832,443,340,60,122,450,260,211,185,16,446,26,341,317,54,17,153,23,24,B3,S14,2011,0,2,1,45386.4519,42669.87635,984.0014713,0.047576301,5.10352825,6.730189356,1.626661105,1.754166667,4.536666667
X11_15N_H_N_0,4251,219,387,1055,619,186,194,16,84,171,388,67,106,5,251,22,122,147,26,4,71,2,17,B3,N15,2011,1,0.5,0,30409.62099,29490.45091,371.2906545,0.021331138,2.220729048,3.464357533,1.243628485,1.808333333,2.540833333
X11_15S_H_C_0,4279,245,333,1005,742,217,190,19,70,209,317,104,102,8,230,26,98,181,27,3,84,3,16,B3,S15,2011,1,0.5,1,43157.58633,40457.51283,1366.661068,0.051207329,2.458547228,4.087868908,1.62932168,1.505833333,3.443333333
X11_16N_H_N_1,5137,370,489,1202,893,216,230,44,76,270,309,187,121,11,295,27,138,257,29,4,119,18,19,B4,N16,2011,1,1,0,32111.04873,30754.01664,829.3129906,0.044125361,3.755597952,5.806736007,2.051138056,1.891111111,2.725
X11_16S_H_C_1,4299,167,476,1008,618,235,255,23,63,218,260,100,122,11,178,21,120,116,21,3,46,1,13,B4,S16,2011,1,1,1,38061.04677,35816.74179,794.4179329,0.040023998,2.684859961,4.644572402,1.959712441,1.749166667,2.818333333
X11_17N_N_N_2,6318,410,797,1311,851,356,277,71,111,395,281,211,195,12,310,22,254,254,47,9,121,23,15,B4,N17,2011,0,2,0,51010.24226,47512.21946,766.9753751,0.036870045,4.938894781,7.856650397,2.917755617,1.798333333,3.151666667
X11_17S_N_C_2,6806,506,846,1287,894,411,321,65,133,473,258,246,206,13,333,21,269,295,55,8,134,45,30,B4,S17,2011,0,2,1,54174.79928,50132.60001,1541.376396,0.060786753,5.940577219,10.14880665,4.208229433,1.6775,3.505833333
X11_18N_H_N_0,5954,372,727,1134,785,273,264,84,95,378,320,169,159,10,337,27,260,233,38,7,102,16,26,B4,N18,2011,1,0.5,0,26592.91989,25657.38713,464.0523006,0.030435364,3.060343593,4.837797812,1.77745422,1.355833333,3.296666667
X11_18S_H_C_0,5817,262,665,1298,926,372,241,31,111,315,234,168,177,12,264,21,179,190,29,3,79,2,17,B4,S18,2011,1,0.5,1,43219.06118,40090.12694,1319.535572,0.05656218,3.97735345,7.240128149,3.262774699,1.984166667,3.563333333
X11_19N_N_N_1,6290,499,766,1269,886,287,235,58,93,421,326,231,126,11,512,23,239,300,43,8,139,40,26,B3,N19,2011,0,1,0,44684.63099,42762.98282,665.5998046,0.034993208,3.696627521,5.536897509,1.840269989,1.518333333,3.413333333
X11_19S_N_C_1,5820,224,718,1118,925,375,275,59,66,350,323,197,126,11,288,25,290,170,17,6,81,9,12,B3,S19,2011,0,1,1,31010.62728,29779.82606,455.7092033,0.030042918,4.469857337,7.565253976,3.09539664,1.471111111,4.041944444
X11_1N_H_N_1,5704,318,664,1258,854,270,245,44,101,284,367,160,171,14,302,21,176,205,33,6,101,14,19,B1,N01,2011,1,1,0,19084.17304,19084.17305,0,0,2.768756665,6.008793858,3.240037193,1.3275,1.956666667
X11_1S_H_C_1,4990,428,695,1111,680,159,204,43,66,298,349,114,167,17,289,21,164,266,44,6,116,18,22,B1,S01,2011,1,1,1,28189.26662,28189.26662,0,0,4.103897952,5.45892547,1.355027518,2.865,3.430833333
X11_20N_H_N_1,4938,280,517,1197,696,192,216,18,87,248,392,136,137,10,275,22,142,197,32,4,85,2,22,B3,N20,2011,1,1,0,25320.32379,25122.89633,197.4274564,0.007858467,3.88307404,5.726745829,1.843671788,1.470833333,3.115
X11_20S_H_C_1,5940,292,685,1206,897,413,281,41,98,349,267,166,170,9,323,23,205,206,44,3,82,3,18,B3,S20,2011,1,1,1,62106.33227,55907.90348,3373.988734,0.084227829,4.468687141,6.801977241,2.3332901,1.9475,3.044166667
X11_21N_H_N_2,6273,396,769,1221,936,403,282,41,116,396,293,186,181,13,310,27,228,251,47,7,119,17,27,B3,N21,2011,1,2,0,70813.05537,63932.81335,3041.118188,0.082433375,3.71136796,5.840653156,2.129285196,1.883333333,3.0175
X11_21S_H_C_2,5722,329,707,1239,847,300,233,47,81,291,330,142,150,14,294,29,240,209,39,8,96,13,15,B3,S21,2011,1,2,1,27830.20499,26879.52044,184.6732347,0.01487974,4.366488795,6.550593767,2.184104972,2.005833333,3.610833333
X11_22N_H_N_2,6257,303,736,1348,1071,398,298,75,94,344,200,217,127,11,363,19,229,222,34,4,94,7,15,B4,N22,2011,1,2,0,77365.34633,70423.48543,3379.602825,0.075791892,4.873835501,7.541264724,2.667429223,2.0375,2.540833333
X11_22S_H_C_2,5274,184,592,1070,901,329,280,21,73,300,265,152,135,8,269,21,208,142,21,0,59,4,14,B4,S22,2011,1,2,1,63144.44108,58114.99678,1808.77731,0.056613988,4.924264677,10.05395666,5.129691987,1.795,3.478333333
X11_23N_N_N_1,5887,453,673,1162,856,338,262,107,66,359,318,235,125,12,325,20,257,274,55,9,139,19,24,B4,N23,2011,0,1,0,35617.60557,34405.42118,295.2705964,0.020591038,3.671418795,6.113634974,2.442216179,1.964166667,3.525
X11_23S_N_C_1,5564,475,788,1132,757,233,224,66,91,342,265,190,138,13,327,27,252,258,46,11,133,65,20,B4,S23,2011,0,1,1,49708.50926,46020.35642,1518.445551,0.059029873,5.040891375,7.496801717,2.455910341,1.234166667,3.13
X11_24N_N_N_0,5406,351,657,1050,891,326,264,31,95,305,229,161,140,9,349,15,219,252,40,4,114,9,20,B4,N24,2011,0,0.5,0,49152.1569,44639.39573,2161.714509,0.066823247,4.082075005,6.451184533,2.369109527,1.828333333,2.560833333
X11_24S_N_C_0,5382,268,670,1145,868,322,219,71,71,296,246,170,111,9,293,22,235,193,28,2,91,5,18,B4,S24,2011,0,0.5,1,71077.50222,65232.1205,2210.247223,0.059922592,4.443640204,8.144841611,3.701201407,1.484166667,3.175833333
X11_2N_H_N_0,5764,391,567,1089,989,333,245,64,88,346,372,192,140,9,335,20,160,277,53,4,121,4,32,B1,N02,2011,1,0.5,0,18322.96926,18322.96926,0,0,2.887955493,5.242397635,2.354442142,1.4175,2.419166667
X11_2S_H_C_0,5331,419,672,906,800,225,245,79,79,318,434,162,109,14,313,31,195,220,49,7,110,20,18,B1,S02,2011,1,0.5,1,16093.22395,16093.22395,0,0,3.291776475,5.577226282,2.285449806,1.586666667,3.086666667
X11_3N_N_N_1,6598,442,884,1286,886,330,272,72,102,419,280,188,186,16,429,25,266,276,52,10,127,9,26,B1,N03,2011,0,1,0,17923.52356,17923.52356,0,0,3.406908115,5.22095156,1.814043445,1.335,2.285
X11_3S_N_C_1,5721,450,836,1092,648,168,238,85,93,350,356,173,144,12,324,24,251,248,42,7,126,25,25,B1,S03,2011,0,1,1,16469.00874,16276.78176,0,0,3.670019857,6.80026483,3.130244973,1.325,3.811666667
X11_4N_H_N_2,5927,259,759,1108,953,280,263,76,76,369,270,188,132,14,358,21,253,155,30,6,81,9,12,B2,N04,2011,1,2,0,25685.78104,25453.17924,0,0,3.810564845,5.38644656,1.575881715,1.566944444,3.754444444
X11_4S_H_C_2,5638,433,746,1056,751,170,228,107,65,380,313,222,111,13,374,22,254,250,54,6,118,19,30,B2,S04,2011,1,2,1,21730.75864,21522.20969,0,0,5.701779019,8.930669428,3.228890409,1.717222222,3.794444444
X11_5N_H_N_0,5448,277,705,1068,693,280,261,52,92,291,422,127,159,14,272,26,189,172,32,5,80,8,18,B2,N05,2011,1,0.5,0,18971.15279,17760.35474,473.8387711,0.026679578,2.996717786,3.913013957,0.91629617,1.135833333,2.385277778
X11_5S_H_C_0,5275,329,596,1120,869,276,233,28,89,266,349,121,138,9,298,27,146,209,43,3,95,7,20,B2,S05,2011,1,0.5,1,31271.47735,30211.88009,439.388213,0.02532974,2.606225594,4.717718858,2.111493264,2.382777778,3.060277778
X11_6N_N_N_1,5684,303,741,1083,876,288,264,82,87,303,235,167,157,13,303,24,201,188,25,2,87,6,16,B2,N06,2011,0,1,0,22814.82288,22547.89672,266.9261632,0.011838185,3.419686577,4.971760056,1.552073478,0.828055556,2.755277778
X11_6S_N_C_1,6701,431,860,1356,967,392,262,97,115,374,271,203,187,12,393,22,255,289,44,6,123,5,29,B2,S06,2011,0,1,1,38543.28011,37168.69684,524.6218155,0.029876234,3.87632476,7.505338533,3.629013773,0.926388889,2.653055556
X11_7N_H_N_2,5668,69,767,1197,738,268,251,48,89,336,295,139,181,15,241,31,204,47,9,2,26,0,3,B1,N07,2011,1,2,0,23661.87411,23344.7185,317.15561,0.013585754,3.41403642,6.165123808,2.751087388,1.67,2.610833333
X11_7S_H_C_2,5451,226,634,1187,837,294,250,39,76,315,297,136,155,11,270,28,183,163,37,2,70,1,17,B1,S07,2011,1,2,1,35200.1221,33677.10362,877.7608099,0.045224153,4.86330515,9.033712506,4.170407356,2.318333333,3.305
X11_8N_N_N_0,5937,394,821,1183,891,285,281,58,87,315,265,195,139,14,377,22,202,269,35,5,125,9,23,B1,N08,2011,0,0.5,0,44058.34013,41548.79876,1256.174213,0.045998529,4.08299141,6.303931554,2.220940144,1.135833333,2.4475
X11_8S_N_C_0,5981,364,834,1123,799,337,242,88,77,339,241,179,152,13,376,28,296,212,30,9,84,18,20,B1,S08,2011,0,0.5,1,26853.83141,26088.63833,765.1930748,0.02933051,3.61134984,6.065621888,2.454272048,1.505,3.388333333
X11_9N_N_N_2,6631,481,827,1239,987,356,241,138,98,377,323,251,159,13,358,27,266,332,38,10,158,11,26,B1,N09,2011,0,2,0,23503.14412,23503.14412,0,0,5.095930934,7.717682803,2.621751869,2.068333333,2.891666667
X11_9S_N_C_2,6530,469,976,1131,731,394,276,96,95,428,240,208,154,15,370,22,383,266,48,10,136,31,23,B1,S09,2011,0,2,1,25101.51359,24867.56152,0,0,5.576774148,9.256041074,3.679266925,2.424166667,3.745833333
X12_10N_H_N_1,5523,424,636,1230,766,255,218,36,79,291,358,136,198,13,257,30,219,243,49,9,124,8,19,B2,N10,2012,1,1,0,32585.80132,30922.84522,508.6837228,0.037768411,3.120975133,3.805638698,0.684663566,0.949166667,2.7525
X12_10S_H_C_1,5973,397,812,1073,774,254,205,136,91,362,290,246,135,12,331,27,307,236,36,10,112,19,19,B2,S10,2012,1,1,1,30659.32281,29442.55207,492.009724,0.028522564,3.424726374,5.423702878,1.998976504,1.440555556,2.876666667
X12_11N_N_N_0,6231,310,734,1044,979,471,257,100,77,362,225,248,135,14,324,23,313,175,49,5,87,6,14,B2,N11,2012,0,0.5,0,47718.94221,39984.39161,4679.645891,0.144119108,2.653363776,3.290281502,0.636917726,1.406666667,3.196666667
X12_11S_N_C_0,6315,253,904,963,659,319,249,107,115,431,280,267,143,18,434,23,378,130,25,10,73,12,10,B2,S11,2012,0,0.5,1,57884.93568,53751.07004,1190.146663,0.051627362,4.040310047,4.968610895,0.928300848,1.455,3.583333333
X12_12N_N_N_2,6719,337,759,1062,1065,661,290,57,117,470,233,254,163,10,361,27,324,217,41,7,100,3,17,B2,N12,2012,0,2,0,85516.22754,76037.31467,3130.832038,0.084940235,3.881414599,5.124907416,1.243492817,1.280833333,2.845833333
X12_12S_N_C_2,6189,249,879,812,779,390,252,89,104,421,232,282,135,12,350,25,389,131,22,7,67,15,10,B2,S12,2012,0,2,1,28783.50085,27592.50605,192.4275221,0.017044412,3.250090851,5.841528677,2.591437826,1.033333333,3.7775
X12_13N_N_N_0,6186,361,663,1226,982,520,269,68,97,352,267,222,151,11,312,22,258,241,44,5,105,5,20,B3,N13,2012,0,0.5,0,45567.79931,43456.60257,742.0662256,0.026958205,3.108928106,4.696327712,1.587399607,1.55625,2.43875
X12_13S_N_C_0,5322,470,815,705,669,182,184,91,77,373,242,240,103,13,428,18,332,254,51,14,151,15,17,B3,S13,2012,0,0.5,1,54626.34883,52339.26053,538.7027035,0.028818013,4.462636639,5.825567339,1.362930699,2.392083333,3.31
X12_14N_N_N_2,6051,206,683,971,938,485,267,51,68,398,296,211,139,11,340,19,310,135,24,3,48,0,13,B3,N14,2012,0,2,0,32629.69497,28736.9476,1285.507786,0.069738008,5.127550909,6.59688309,1.469332181,1.555833333,2.983333333
X12_14S_N_C_2,5988,526,821,766,661,251,234,111,113,407,296,310,113,13,433,21,365,284,59,14,142,31,22,B3,S14,2012,0,2,1,21775.16912,20911.45985,436.2137073,0.032723868,3.729510234,5.07858801,1.349077776,1.684583333,3.857916667
X12_15N_H_N_0,4111,271,351,887,691,227,178,30,80,172,398,88,109,9,217,21,137,160,24,2,69,3,17,B3,N15,2012,1,0.5,0,14996.37353,14996.37353,0,0,2.488372789,2.608977012,0.120604223,1.019583333,2.3625
X12_15S_H_C_0,3976,316,456,737,572,136,152,38,63,218,411,113,117,11,226,14,151,160,37,4,87,10,11,B3,S15,2012,1,0.5,1,29940.04179,28279.22928,477.5372044,0.039474194,2.444811735,2.702485485,0.25767375,2.32875,3.155416667
X12_16N_H_N_1,4235,289,442,905,591,163,169,26,92,162,440,92,137,10,225,25,144,174,28,2,75,6,14,B4,N16,2012,1,1,0,61621.44888,56973.73364,2021.541871,0.064259387,1.659778255,2.54508316,0.885304905,1.544166667,2.56
X12_16S_H_C_1,4134,293,522,832,575,157,182,36,68,165,322,110,128,11,200,24,165,166,28,3,79,10,11,B4,S16,2012,1,1,1,34634.01504,33387.04425,518.1095464,0.027797397,3.5801568,4.215898421,0.635741621,1.44625,2.25125
X12_17N_N_N_2,6341,326,881,987,879,360,264,74,129,443,272,235,171,13,386,25,288,190,30,6,92,8,13,B4,N17,2012,0,2,0,45986.68695,43341.57185,770.6117749,0.041732383,3.795855722,5.444659806,1.648804084,1.845833333,3.0875
X12_17S_N_C_2,6935,311,1002,1114,816,437,313,46,130,482,236,199,204,13,425,26,368,195,31,4,97,19,18,B4,S17,2012,0,2,1,28307.18055,26728.33308,492.5047859,0.030558181,4.950256732,6.532993268,1.582736537,1.41625,2.934583333
X12_18N_H_N_0,5549,168,639,1061,811,546,246,32,85,288,205,136,175,9,202,25,236,99,25,2,45,1,12,B4,N18,2012,1,0.5,0,31246.83422,29031.04284,568.0405531,0.035463981,2.599480346,3.094589297,0.495108952,1.069583333,2.783333333
X12_18S_H_C_0,4756,258,569,983,576,227,170,56,79,240,298,149,121,12,343,21,187,168,32,3,76,10,15,B4,S18,2012,1,0.5,1,36231.4873,35021.30268,406.7307369,0.022703421,3.628184719,4.839390659,1.21120594,1.645416667,2.86875
X12_19N_N_N_1,5059,477,703,881,647,208,184,52,90,302,322,210,129,12,327,26,286,233,60,8,129,27,13,B3,N19,2012,0,1,0,25956.79235,25561.95583,0,0,4.62119183,6.31317727,1.69198544,1.084166667,3.870416667
X12_19S_N_C_1,4676,416,597,770,534,168,160,53,61,293,337,224,88,12,368,20,275,224,39,5,114,26,15,B3,S19,2012,0,1,1,29522.30486,29191.89506,0,0,3.962943491,5.380295717,1.417352226,1.448194444,3.7325
X12_1N_H_N_1,5086,414,665,952,618,203,200,53,70,308,398,124,146,14,271,25,209,227,57,7,122,4,14,B1,N01,2012,1,1,0,17097.57893,17097.57893,0,0,3.464671843,5.343086797,1.878414954,1.005833333,2.055
X12_1S_H_C_1,5996,278,747,1098,816,453,245,84,85,345,303,210,194,12,241,33,255,162,32,8,78,8,20,B1,S01,2012,1,1,1,30345.13044,29571.65421,203.6290094,0.006885953,3.61643224,3.752610531,0.136178291,1.960833333,1.896666667
X12_20N_H_N_1,5364,274,774,1119,593,256,200,80,101,238,270,184,137,21,246,32,256,146,34,7,82,20,15,B3,N20,2012,1,1,0,20156.68335,19962.84292,0,0,2.074799323,2.846745554,0.771946231,1.368333333,3.389166667
X12_20S_H_C_1,5095,405,742,809,589,158,166,50,101,305,453,154,129,11,333,25,216,193,43,7,106,37,10,B3,S20,2012,1,1,1,25006.97914,24813.67011,0,0,3.472653287,4.569852598,1.097199312,1.462916667,3.657083333
X12_21N_H_N_2,4221,361,577,751,435,110,133,54,84,204,293,130,76,10,395,17,197,167,43,5,80,40,17,B3,N21,2012,1,2,0,20396.58683,19879.0507,0,0,3.640814869,4.906995319,1.266180449,1.539583333,2.73875
X12_21S_H_C_2,6365,332,841,998,779,421,300,55,92,494,310,263,148,14,344,26,362,213,53,6,107,11,25,B3,S21,2012,1,2,1,55117.68432,50873.82227,1240.246945,0.0486238,2.959312052,4.190838583,1.231526531,1.34,3.81125
X12_22N_H_N_2,6496,330,800,1070,974,529,290,58,126,419,214,220,122,11,432,21,313,210,32,6,97,11,15,B4,N22,2012,1,2,0,109896.1512,96962.02582,5634.349665,0.099680372,3.759771206,5.308423145,1.548651939,1.584583333,2.892083333
X12_22S_H_C_2,6418,604,905,997,674,327,241,104,123,472,264,308,144,11,377,25,365,304,57,16,171,50,24,B4,S22,2012,1,2,1,86540.74851,79108.45123,1961.331196,0.060922284,4.230302514,6.941900817,2.711598303,1.694166667,3.81625
X12_23N_N_N_1,5373,384,544,1025,1023,394,215,31,64,271,315,230,131,7,256,18,231,247,42,7,107,1,19,B4,N23,2012,0,1,0,51921.3907,46098.58777,3143.583098,0.099661314,3.481514999,4.54674919,1.065234191,0.983333333,2.775416667
X12_23S_N_C_1,5052,483,740,865,522,213,184,69,85,278,214,191,93,11,394,30,324,255,50,9,123,38,16,B4,S23,2012,0,1,1,38925.02195,37442.03339,459.6090645,0.024519813,3.649455075,5.762531576,2.113076501,0.582083333,2.5225
X12_24N_N_N_0,6020,423,659,1086,1110,566,233,51,88,347,187,249,122,7,304,22,286,275,66,6,120,6,20,B4,N24,2012,0,0.5,0,53991.3812,48738.13147,2315.997789,0.075296063,4.02579409,4.805487378,0.779693289,0.99875,2.332916667
X12_24S_N_C_0,5140,290,692,719,726,244,234,42,75,389,177,152,168,8,450,13,311,139,23,9,81,23,9,B4,S24,2012,0,0.5,1,25469.68839,24756.32764,231.3615078,0.018821717,3.883318705,4.719947367,0.836628662,1.53125,2.951666667
X12_2N_H_N_0,6808,412,791,1121,814,439,249,70,125,472,302,196,250,14,378,30,286,224,56,9,120,5,20,B1,N02,2012,1,0.5,0,33618.36444,32490.7611,352.2394576,0.027385902,2.753626672,4.049431928,1.295805255,1.055,2.171666667
X12_2S_H_C_0,5332,346,517,1191,787,289,212,71,101,244,389,166,152,14,232,30,192,213,45,5,99,14,18,B1,S02,2012,1,0.5,1,19682.21603,19177.70501,315.5978672,0.026307164,2.052595803,2.314610371,0.262014569,1.05,2.543333333
X12_3N_N_N_1,6104,451,817,1035,749,299,200,94,92,379,353,243,157,15,390,29,292,247,57,8,122,14,23,B1,N03,2012,0,1,0,31560.35988,27244.20337,2960.805227,0.126042181,4.922731776,6.612274597,1.689542821,0.983333333,2.6175
X12_3S_N_C_1,5956,271,910,808,794,274,211,79,85,419,260,208,194,14,392,22,313,149,24,8,64,15,12,B1,S03,2012,0,1,1,27762.02358,26580.31249,353.5106462,0.024855331,3.184680259,5.751366199,2.56668594,1.171666667,2.598055556
X12_4N_H_N_2,5067,344,563,1142,783,206,174,35,85,260,493,144,124,11,247,28,137,226,33,6,102,6,15,B2,N04,2012,1,2,0,25981.71702,24438.26623,960.5407665,0.052595733,3.719635936,4.981885779,1.262249842,0.905833333,3.344166667
X12_4S_H_C_2,5239,268,800,759,522,219,194,110,67,351,207,222,102,18,412,25,316,128,28,7,68,10,8,B2,S04,2012,1,2,1,17775.80039,17775.80039,0,0,3.664178383,5.271414483,1.607236101,1.288888889,3.161666667
X12_5N_H_N_0,5076,228,540,1095,728,306,215,36,82,243,370,123,140,10,210,25,153,144,29,3,66,3,17,B2,N05,2012,1,0.5,0,21817.05543,21404.63776,249.4216852,0.011652694,2.631349684,3.867000912,1.235651227,0.9675,2.696666667
X12_5S_H_C_0,5540,390,745,983,718,279,204,35,88,350,274,145,168,14,361,24,258,216,43,8,104,16,15,B2,S05,2012,1,0.5,1,18623.2697,18623.2697,0,0,2.770974015,4.494496098,1.723522083,2.221666667,2.926666667
X12_6N_N_N_1,5978,223,611,1113,1041,476,224,58,88,347,314,208,142,11,276,17,238,128,27,2,63,9,12,B2,N06,2012,0,1,0,21257.50882,19824.39229,777.3485998,0.057819806,3.821657282,5.848346942,2.02668966,0.26,2.675833333
X12_6S_N_C_1,5606,269,782,834,604,230,230,77,107,386,337,211,133,11,336,20,319,136,32,6,75,15,11,B2,S06,2012,0,1,1,23687.45945,23142.27954,0,0,3.771726378,5.662784596,1.891058218,0.655833333,3.086666667
X12_7N_H_N_2,6462,293,761,1244,967,526,269,36,91,369,228,180,221,14,293,36,313,192,34,5,88,2,14,B1,N07,2012,1,2,0,48844.34727,45409.54864,1228.177663,0.048657266,3.251711048,4.267368714,1.015657666,0.906666667,2.824166667
X12_7S_H_C_2,5888,431,829,980,505,278,249,93,95,438,271,184,149,18,369,26,350,181,57,9,93,23,18,B1,S07,2012,1,2,1,43528.33792,41141.86945,543.5461967,0.031825727,5.219933142,8.426817431,3.206884289,1.885,3.439166667
X12_8N_N_N_0,5819,333,720,1278,885,326,216,55,90,297,287,198,145,12,300,27,236,220,33,9,110,4,13,B1,N08,2012,0,0.5,0,50399.3031,44736.88939,3168.860129,0.097191676,3.39236872,4.03650609,0.64413737,0.565,2.594166667
X12_8S_N_C_0,5375,363,692,926,665,230,214,67,77,295,320,183,115,8,362,23,278,167,51,7,80,13,12,B1,S08,2012,0,0.5,1,31825.08829,30763.6981,462.4985999,0.0252775,3.932124632,4.565499315,0.633374683,1.4625,3.305
X12_9N_N_N_2,6720,311,916,1133,853,513,284,85,100,382,257,215,210,12,354,29,314,168,56,8,84,1,16,B1,N09,2012,0,2,0,35637.18433,33361.86868,859.0199598,0.042607677,3.993939933,4.421836613,0.42789668,3.284166667,2.786666667
X12_9S_N_C_2,5935,470,853,768,613,238,225,113,100,393,315,280,94,12,444,24,386,235,39,13,135,18,23,B1,S09,2012,0,2,1,22369.4757,22369.4757,0,0,4.190637237,5.966617365,1.775980128,2.165,3.789166667
X13_10N_H_N_1,6483,573,930,1217,686,387,222,70,110,375,341,188,151,16,391,32,320,307,79,15,161,32,35,B2,N10,2013,1,1,0,19515.97623,18868.14976,204.3607866,0.025951172,3.786936636,4.881684628,1.094747992,1.218263889,2.757708333
X13_10S_H_C_1,6016,307,645,1088,955,438,198,68,114,346,251,249,110,12,363,20,294,211,40,4,93,10,20,B2,S10,2013,1,1,1,26598.62353,24684.38895,735.147561,0.050426134,3.146688368,4.615870475,1.469182107,1.299212963,2.816388889
X13_11N_N_N_0,7153,379,959,1126,939,520,306,90,100,430,262,283,126,18,390,39,441,220,45,14,103,19,19,B2,N11,2013,0,0.5,0,20820.34695,19667.8292,572.1211821,0.050465103,2.981466778,5.606303125,2.624836346,1.783055556,2.952222222
X13_11S_N_C_0,7447,405,937,1024,814,608,248,160,151,479,327,338,124,14,518,25,452,221,58,9,107,42,20,B2,S11,2013,0,0.5,1,30356.48583,27851.50865,656.9785986,0.050682632,3.776112812,4.308515773,0.532402961,1.24375,3.030277778
X13_12N_N_N_2,5888,466,829,936,669,315,215,61,120,354,332,252,110,12,460,28,351,265,58,15,133,36,19,B2,N12,2013,0,2,0,52373.39222,47709.84121,2012.26494,0.077126201,4.507311651,5.16098975,0.653678098,1.130902778,2.812986111
X13_12S_N_C_2,7680,404,911,1041,1054,620,287,123,156,582,257,394,104,15,467,21,459,237,63,6,91,42,27,B2,S12,2013,0,2,1,45883.32444,41058.31817,1372.87173,0.078344108,3.605062881,5.049285095,1.444222214,0.750277778,3.098125
X13_13N_N_N_0,6958,432,958,1064,782,451,213,108,135,474,383,232,145,13,440,25,464,246,50,8,127,48,16,B3,N13,2013,0,0.5,0,51769.1948,43074.19502,6319.751367,0.180409552,2.999822466,4.28650423,1.286681764,1.491770833,2.408229167
X13_13S_N_C_0,7387,472,993,1123,960,513,265,72,123,462,224,312,134,14,642,20,452,279,58,11,131,39,21,B3,S13,2013,0,0.5,1,36094.42879,33867.64137,919.7995329,0.053002383,3.568138388,4.705349964,1.137211577,1.599756944,2.906666667
X13_14N_N_N_2,6285,299,892,978,756,263,241,94,93,387,350,265,129,13,423,29,395,173,34,8,108,36,17,B3,N14,2013,0,2,0,13595.09092,13595.09092,0,0,4.147401223,5.248939627,1.101538404,1.704097222,3.131944444
X13_14S_N_C_2,6881,363,797,1023,977,488,276,89,126,494,282,322,100,11,521,19,348,235,61,2,108,27,18,B3,S14,2013,0,2,1,20273.19045,18595.90537,654.2589316,0.059366427,4.756953952,6.501016419,1.744062467,1.653993056,3.130659722
X13_15N_H_N_0,4362,257,544,898,545,168,135,32,94,189,396,92,100,8,253,21,176,157,35,3,73,10,11,B3,N15,2013,1,0.5,0,20667.31876,19442.33249,783.3200572,0.053144891,2.900254252,3.689606668,0.789352416,1.830798611,2.439375
X13_15S_H_C_0,4949,239,484,983,805,339,199,31,72,232,345,161,144,8,257,16,164,144,45,2,73,16,12,B3,S15,2013,1,0.5,1,28094.30835,25798.52761,1094.755239,0.069113432,3.067976076,3.380308823,0.312332746,1.427395833,2.730451389
X13_16N_H_N_1,4743,270,469,967,634,251,206,18,91,224,502,132,122,9,248,18,158,164,33,3,88,9,17,B4,N16,2013,1,1,0,12020.1918,11752.56067,0,0,4.381867439,6.034655958,1.652788519,2.458680556,2.433333333
X13_16S_H_C_1,5200,250,504,1072,835,333,213,28,101,251,347,150,161,13,271,19,189,153,33,1,78,30,15,B4,S16,2013,1,1,1,26434.88282,24447.07128,589.6085185,0.046487186,4.317853507,6.480553605,2.162700098,0.885520833,2.2259375
X13_17N_N_N_2,7733,536,1001,973,936,543,340,113,147,577,291,352,161,13,530,22,458,301,77,8,146,31,25,B4,N17,2013,0,2,0,32379.0955,29545.08894,658.9331421,0.052542475,5.964979802,6.483381782,0.51840198,1.941319444,3.622291667
X13_17S_N_C_2,7185,485,978,1071,770,334,265,89,145,562,273,258,143,10,568,17,444,286,75,5,134,57,26,B4,S17,2013,0,2,1,32408.75652,29644.17161,939.1395597,0.063361985,5.144891516,9.286024042,4.141132526,1.735520833,2.854548611
X13_18N_H_N_0,5427,172,637,1017,784,322,185,59,90,298,339,171,106,11,355,24,256,125,25,2,68,7,9,B4,N18,2013,1,0.5,0,32433.85379,28418.15961,2281.444684,0.102769391,3.025422138,3.862325324,0.836903186,1.966631944,2.870277778
X13_18S_H_C_0,5414,315,674,1031,657,248,202,50,96,298,290,172,105,12,427,21,292,200,23,3,81,40,20,B4,S18,2013,1,0.5,1,25086.49574,23109.01199,896.451354,0.066126674,3.995088961,4.228701245,0.233612284,1.483784722,2.690729167
X13_19N_N_N_1,6849,433,929,1043,757,351,240,97,137,452,284,260,155,14,528,25,454,241,52,7,110,49,18,B3,N19,2013,0,1,0,31318.49349,29611.54643,290.5349867,0.031240133,3.994096065,5.521972925,1.527876859,2.132847222,3.508368056
X13_19S_N_C_1,7631,371,1054,1162,924,467,282,80,151,568,243,262,173,11,599,26,432,241,40,4,112,38,15,B3,S19,2013,0,1,1,32741.9358,30656.28838,374.9852931,0.034342419,3.086264137,4.267321292,1.181057155,1.322349537,3.574375
X13_1N_H_N_1,5324,242,645,1020,797,281,208,45,77,281,352,179,152,16,259,23,232,157,28,4,81,4,14,B1,N01,2013,1,1,0,16498.5671,16229.74423,0,0,2.147096192,3.890682608,1.743586416,0.781319444,1.917916667
X13_1S_H_C_1,6013,385,791,1279,660,283,238,56,104,342,356,177,159,12,290,28,318,239,43,11,122,25,17,B1,S01,2013,1,1,1,14953.43564,14742.03251,0,0,3.279790572,4.516168271,1.236377698,2.149236111,1.841388889
X13_20N_H_N_1,5946,414,732,1272,874,303,223,48,108,305,305,175,160,9,363,19,246,271,44,7,130,11,22,B3,N20,2013,1,1,0,34517.6525,32105.34711,1378.958241,0.06389274,2.954401992,4.429536572,1.47513458,1.827638889,3.012430556
X13_20S_H_C_1,7070,284,825,1306,1052,546,257,40,136,434,238,225,157,10,475,23,314,194,37,3,91,22,17,B3,S20,2013,1,1,1,40168.86344,36388.84553,1856.556472,0.078507788,3.180426477,3.410641054,0.230214578,1.158576389,3.133923611
X13_21N_H_N_2,5212,374,713,1008,597,247,187,45,93,326,296,139,126,10,351,28,274,212,37,11,110,24,19,B3,N21,2013,1,2,0,17877.36624,17180.5343,190.5122469,0.021170215,3.160437611,3.296509907,0.136072297,2.342881944,3.118229167
X13_21S_H_C_2,6979,309,809,1310,1030,559,259,52,122,463,314,251,153,10,418,19,312,213,50,4,86,19,23,B3,S21,2013,1,2,1,67362.60004,54421.86356,6420.164654,0.167150736,3.284659949,4.197074802,0.912414853,1.350833333,3.332604167
X13_22N_H_N_2,6528,342,887,1131,775,434,258,103,120,348,201,261,96,14,455,32,387,210,43,6,93,22,20,B4,N22,2013,1,2,0,34319.12429,30939.30979,2307.524044,0.10101049,3.944962263,5.211825972,1.266863709,2.222465278,3.122673611
X13_22S_H_C_2,6728,432,881,991,860,420,284,91,128,417,320,287,168,14,394,21,431,243,47,8,105,57,16,B4,S22,2013,1,2,1,21244.89509,20233.76743,236.4952924,0.025879172,2.923980298,4.447920484,1.523940186,1.367013889,3.6346875
X13_23N_N_N_1,7127,291,885,1252,967,587,299,71,110,445,228,290,141,13,439,25,401,187,34,4,86,22,19,B4,N23,2013,0,1,0,37018.26848,34745.56805,581.6676216,0.044799491,4.038664885,6.114549266,2.075884381,2.404444444,2.787951389
X13_23S_N_C_1,6387,551,841,1052,922,330,227,88,90,382,329,338,138,13,385,19,380,338,66,8,173,19,31,B4,S23,2013,0,1,1,57235.02904,49960.37716,2741.429971,0.099146403,2.846018234,4.487041504,1.64102327,0.839340278,2.745208333
X13_24N_N_N_0,6724,472,927,1035,885,387,274,52,123,477,278,232,196,12,452,22,368,274,41,8,134,51,16,B4,N24,2013,0,0.5,0,30673.06847,29053.42197,303.2622551,0.031845943,2.908807704,4.990119853,2.081312149,2.0828125,2.786076389
X13_24S_N_C_0,7308,597,945,1006,797,516,247,111,180,502,329,285,124,14,522,31,478,321,86,7,140,68,29,B4,S24,2013,0,0.5,1,23350.39551,22093.16283,261.2553907,0.03257367,4.827763511,6.975665437,2.147901926,1.197465278,2.941805556
X13_2N_H_N_0,5739,497,649,1087,845,358,224,72,101,279,408,189,150,13,280,27,222,281,60,4,160,13,19,B1,N02,2013,1,0.5,0,15826.03158,15627.613,0,0,4.075972478,6.123797639,2.047825161,1.314583333,2.769305556
X13_2S_H_C_0,5627,301,665,1044,786,438,237,62,83,273,341,148,118,12,291,26,251,205,31,4,89,9,17,B1,S02,2013,1,0.5,1,15681.23256,15345.7242,0,0,2.61578153,2.964850219,0.349068689,1.298333333,2.303611111
X13_3N_N_N_1,6972,537,947,1231,836,476,261,76,123,443,315,229,181,14,441,22,339,292,72,13,160,39,26,B1,N03,2013,0,1,0,21013.45432,20575.25414,0,0,2.990479804,5.016509627,2.026029823,1.209444444,2.731458333
X13_3S_N_C_1,5851,369,701,1069,726,320,195,65,94,342,378,190,114,10,421,19,309,209,61,7,85,32,22,B1,S03,2013,0,1,1,14916.78897,14724.90066,0,0,2.972295709,4.740751446,1.768455737,1.232638889,2.629837963
X13_4N_H_N_2,5310,334,700,824,689,298,173,49,107,274,386,165,131,12,361,27,294,195,36,7,89,18,12,B2,N04,2013,1,2,0,14712.89349,14437.35753,0,0,4.073923214,6.210046867,2.136123653,1.032986111,3.122847222
X13_4S_H_C_2,6745,587,889,1067,802,367,226,113,100,447,364,285,135,15,412,30,390,346,66,8,162,39,19,B2,S04,2013,1,2,1,38593.96852,36489.10862,817.9886017,0.048068664,2.84557033,4.580599369,1.735029039,1.615462963,2.841805556
X13_5N_H_N_0,6025,300,596,1215,1037,467,249,31,111,292,298,163,179,9,296,21,225,206,24,5,92,8,19,B2,N05,2013,1,0.5,0,21656.07426,20425.48548,573.1116721,0.05056042,2.799687669,4.103367952,1.303680282,1.464791667,2.510555556
X13_5S_H_C_0,6130,352,753,1102,885,400,230,62,101,344,322,216,166,13,310,21,321,217,49,6,112,32,16,B2,S05,2013,1,0.5,1,37848.22485,35829.65389,594.0989354,0.046730728,2.741659588,3.870611034,1.128951446,1.738472222,2.193888889
X13_6N_N_N_1,5825,455,690,951,773,340,197,35,122,326,384,165,166,12,462,19,287,277,61,6,131,25,21,B2,N06,2013,0,1,0,22392.029,21864.31063,0,0.014826944,2.369703856,5.108256723,2.738552867,0.949166667,2.551319444
X13_6S_N_C_1,6935,459,820,1169,1065,479,260,45,132,434,290,239,151,10,539,23,343,271,63,10,125,49,21,B2,S06,2013,0,1,1,31910.09543,29882.9808,715.7353058,0.050051204,3.081389431,5.177870579,2.096481148,0.633819444,2.678055556
X13_7N_H_N_2,5583,292,699,1132,695,362,175,70,81,292,272,191,147,13,263,39,308,177,30,5,80,12,18,B1,N07,2013,1,2,0,26505.48684,25174.55911,843.0532529,0.052867966,4.392978878,4.607832023,0.214853145,1.079722222,3.017013889
X13_7S_H_C_2,6626,372,937,1088,729,298,234,82,100,459,227,236,157,11,439,23,461,211,41,12,90,46,16,B1,S07,2013,1,2,1,28968.83064,26909.09066,913.0962076,0.055207197,1.894324749,3.237465172,1.343140423,1.382638889,3.289930556
X13_8N_N_N_0,6043,309,791,1136,674,369,203,116,106,343,295,249,142,16,307,35,315,191,42,6,104,16,12,B1,N08,2013,0,0.5,0,25462.33959,24143.17383,411.9539872,0.03915881,2.240723315,3.382195024,1.141471709,1.267916667,2.881180556
X13_8S_N_C_0,6249,461,798,917,663,339,189,123,110,393,304,289,104,12,450,22,413,253,66,10,115,41,27,B1,S08,2013,0,0.5,1,33142.80337,30185.00795,1511.403015,0.078407444,3.482908505,5.194650735,1.71174223,1.248541667,2.790416667
X13_9N_N_N_2,6166,613,865,942,879,347,240,73,95,444,195,213,110,13,343,24,391,295,57,11,150,109,21,B1,N09,2013,0,2,0,18680.56958,18437.5219,0,0.013182231,6.055958836,7.959518728,1.903559892,2.709513889,2.798888889
X13_9S_N_C_2,7439,315,971,1077,816,416,291,164,145,558,359,384,133,10,456,16,440,186,46,6,84,38,14,B1,S09,2013,0,2,1,25305.04708,22843.54972,1306.360617,0.087281689,3.898488187,5.730424841,1.831936654,1.530416667,3.389097222
X14_10N_H_N_1,5070,306,654,1087,641,231,152,58,87,250,382,141,105,13,206,29,220,199,27,8,103,6,9,B2,N10,2014,1,1,0,15485.1954,15337.89098,0,0,0.977642476,2.344508349,1.366865873,1.407355324,2.479809028
X14_10S_H_C_1,6152,305,728,1013,929,453,211,58,124,362,281,210,128,13,399,22,323,224,49,1,94,3,15,B2,S10,2014,1,1,1,18844.55256,18576.28466,0,0,3.627366182,5.09441212,1.467045938,1.722434414,2.843032407
X14_11N_N_N_0,5396,427,757,969,544,160,165,109,102,382,208,211,111,10,352,23,302,226,52,11,123,38,18,B2,N11,2014,0,0.5,0,12986.89047,12826.21091,0,0,1.39291124,3.672003642,2.279092403,1.75775463,2.954351852
X14_11S_N_C_0,6194,238,854,998,751,274,231,121,87,460,240,261,127,10,443,21,355,147,19,9,68,8,14,B2,S11,2014,0,0.5,1,32545.73354,31484.3074,224.2512206,0.018661901,3.597065864,5.04815396,1.451088095,1.3778125,2.710856481
X14_12N_N_N_2,5370,381,730,1002,632,196,181,83,84,333,336,176,97,9,362,22,311,218,40,10,115,19,15,B2,N12,2014,0,2,0,38815.26889,37120.31668,613.5767853,0.035105309,2.761906468,4.202433712,1.440527243,1.603408565,2.679415509
X14_12S_N_C_2,7424,359,930,1351,982,395,294,150,117,545,270,314,131,10,498,18,410,233,33,4,109,44,25,B2,S12,2014,0,2,1,22521.651,22052.3596,0,0,3.53130727,5.139133923,1.607826653,2.030023148,2.834010417
X14_13N_N_N_0,6269,295,891,1079,784,386,245,95,103,385,289,262,124,17,356,32,292,210,19,5,98,14,18,B3,N13,2014,0,0.5,0,24944.85616,24708.27227,0,0,1.447814246,2.270373978,0.822559732,1.476397569,2.357352431
X14_13S_N_C_0,6396,352,862,1105,802,307,235,131,124,358,309,268,111,16,416,31,355,223,45,8,105,11,15,B3,S13,2014,0,0.5,1,21482.35467,21286.85424,0,0,2.713810466,3.422954091,0.709143625,1.812063079,2.954722222
X14_14N_N_N_2,6399,300,889,928,556,270,232,171,109,438,324,331,98,18,411,25,373,177,36,6,88,23,13,B3,N14,2014,0,2,0,18745.3531,18304.82187,0,0,3.568368038,3.773937315,0.205569277,2.198119213,3.65849537
X14_14S_N_C_2,6840,341,940,1137,657,319,236,172,117,460,281,312,99,21,414,21,433,202,41,10,98,34,11,B3,S14,2014,0,2,1,18629.41918,17991.58744,148.4566678,0.008251449,2.007125909,2.016754467,0.009628558,1.888110532,3.207554977
X14_15N_H_N_0,3159,327,316,746,515,113,89,12,71,100,359,97,75,7,205,7,76,212,42,3,96,9,17,B3,N15,2014,1,0.5,0,22856.44752,22119.14336,182.9413006,0.021432034,0.324361388,1.51574333,1.191381942,1.980066551,2.587447917
X14_15S_H_C_0,3679,344,391,822,619,127,116,16,85,120,346,93,71,8,289,19,96,219,61,4,107,14,13,B3,S15,2014,1,0.5,1,13615.01331,13615.01331,0,0,1.309226573,1.524139603,0.214913031,1.603116319,2.597537616
X14_16N_H_N_1,4576,154,471,1062,675,193,178,33,84,183,526,96,119,9,233,21,141,111,19,1,54,4,8,B4,N16,2014,1,1,0,17825.99449,17700.70839,0,0,0.963662831,1.298950271,0.335287441,2.634890046,2.237777778
X14_16S_H_C_1,5576,405,715,1191,661,216,222,41,106,282,362,119,167,14,330,27,201,197,48,9,95,33,19,B4,S16,2014,1,1,1,16830.70339,16509.02622,0,0,3.200712072,3.894537716,0.693825645,1.053793403,2.713828125
X14_17N_N_N_2,6418,562,973,972,707,297,204,124,111,417,304,268,148,14,440,23,342,267,53,9,140,52,17,B4,N17,2014,0,2,0,24020.98618,23457.03688,0,0,3.21246308,3.981303665,0.768840584,2.302609954,3.438524306
X14_17S_N_C_2,7367,692,1001,1196,797,427,286,95,146,516,308,268,189,19,442,21,457,378,58,14,189,78,25,B4,S17,2014,0,2,1,26817.41235,25887.23681,0,0.007333168,3.388421554,4.302269419,0.913847864,1.994626736,2.854545718
X14_18N_H_N_0,4939,363,508,1032,931,280,152,37,89,214,289,159,96,14,255,20,168,266,46,7,130,1,18,B4,N18,2014,1,0.5,0,28364.01226,25654.09834,1379.770147,0.06557933,1.5233682,2.109646089,0.586277889,2.562219329,2.835856481
X14_18S_H_C_0,5118,451,641,1002,691,215,191,33,81,287,325,129,142,11,365,22,195,234,49,9,100,39,17,B4,S18,2014,1,0.5,1,21381.97,21191.48028,0,0,2.491092129,3.433011091,0.941918962,2.283648727,3.043394097
X14_19N_N_N_1,5656,458,697,1162,919,217,187,91,80,343,240,212,121,10,355,19,261,295,51,7,137,29,16,B3,N19,2014,0,1,0,34488.46736,33671.50443,0,0.007434522,3.672946355,5.598588258,1.925641903,2.385237269,3.171530671
X14_19S_N_C_1,6061,270,869,1015,579,225,215,77,109,448,336,217,122,13,439,22,343,148,32,5,83,36,10,B3,S19,2014,0,1,1,22332.72992,22012.51173,0,0,2.399032081,4.20149563,1.802463549,1.901862461,3.377864583
X14_1N_H_N_1,4898,123,522,1055,804,283,178,32,83,200,306,93,136,8,260,25,173,89,17,1,33,0,11,B1,N01,2014,1,1,0,16234.78842,16035.59975,0,0,2.209330415,2.903061642,0.693731227,1.337609954,2.049826389
X14_1S_H_C_1,6168,352,791,1111,847,326,236,82,106,367,368,198,156,14,370,24,291,219,45,5,102,7,19,B1,S01,2014,1,1,1,15538.93781,15538.93781,0,0,0.601395305,2.232530096,1.631134791,2.157436343,10.55928241
X14_20N_H_N_1,4466,308,465,1099,685,172,137,30,92,163,369,108,110,14,254,23,139,184,42,3,96,0,14,B3,N20,2014,1,1,0,15044.79447,15044.79447,0,0,1.452654304,2.9038852,1.451230897,2.392581019,2.68103588
X14_20S_H_C_1,5757,242,680,1093,901,281,210,60,104,314,356,195,132,14,346,22,271,174,24,2,91,7,10,B3,S20,2014,1,1,1,26090.30822,25919.32185,0,0.006596869,3.308047759,3.619798136,0.311750377,1.640714699,2.720326968
X14_21N_H_N_2,4479,417,519,1065,596,183,123,50,84,190,359,143,106,16,239,29,154,271,45,7,132,14,28,B3,N21,2014,1,2,0,11078.34565,10876.09871,0,0,2.821897269,4.805069985,1.983172716,2.660656829,3.093185764
X14_21S_H_C_2,6817,292,937,980,743,436,260,121,137,428,311,331,144,14,432,31,419,166,36,7,95,27,15,B3,S21,2014,1,2,1,25924.8586,25256.40544,187.8191104,0.018225506,2.842924846,4.291838048,1.448913202,1.752569444,3.345217014
X14_22N_H_N_2,4773,175,659,881,625,233,176,90,86,252,158,170,82,11,307,24,275,108,11,6,54,13,9,B4,N22,2014,1,2,0,17115.21211,16809.41117,0,0,1.940678835,3.031734286,1.091055451,2.554788773,3.179389468
X14_22S_H_C_2,6299,536,945,991,557,219,199,117,117,380,264,270,111,21,507,25,420,285,49,12,159,57,21,B4,S22,2014,1,2,1,22328.80938,22031.24747,0,0,3.004146998,4.549569262,1.545422265,1.508084491,3.582057292
X14_23N_N_N_1,6399,395,928,1119,796,269,251,100,100,368,269,324,154,14,397,25,370,257,47,14,136,5,15,B4,N23,2014,0,1,0,26335.18712,26169.18498,0,0.00634342,2.164266612,3.463765618,1.299499006,2.706203704,2.888162616
X14_23S_N_C_1,7355,187,1008,1162,926,542,315,90,115,546,197,270,178,11,532,21,372,115,25,3,49,22,10,B4,S23,2014,0,1,1,28480.51989,27276.50512,131.6593026,0.013142628,3.008382549,3.873522996,0.865140446,1.758278356,2.862934028
X14_24N_N_N_0,4758,302,656,870,550,164,144,82,90,283,252,152,70,12,358,23,288,156,22,6,71,57,14,B4,N24,2014,0,0.5,0,21377.22099,21251.36981,0,0,2.28598114,3.093072109,0.80709097,2.287317708,2.782173032
X14_24S_N_C_0,6130,475,907,933,659,300,241,83,105,383,222,222,140,10,503,28,349,217,36,12,99,91,20,B4,S24,2014,0,0.5,1,23834.15163,23488.11698,0,0,2.193438416,2.823020463,0.629582046,1.241316551,3.078483796
X14_2N_H_N_0,4359,168,335,1069,715,292,115,26,80,129,435,114,103,9,247,17,112,107,26,1,47,0,18,B1,N02,2014,1,0.5,0,12811.13953,12596.95677,0,0,0.503460633,1.816745772,1.313285139,1.507048611,2.575775463
X14_2S_H_C_0,5673,170,689,1064,811,291,216,66,116,303,287,174,183,10,315,21,228,116,14,1,43,9,14,B1,S02,2014,1,0.5,1,20197.67943,19965.61228,0,0,1.297968424,1.944619692,0.646651268,1.776527778,1.996134259
X14_3N_N_N_1,6239,457,876,995,647,204,193,161,128,407,358,316,118,13,355,28,336,244,50,19,131,15,22,B1,N03,2014,0,1,0,15419.68879,15419.68879,0,0,2.86065106,5.648362933,2.787711873,1.45662037,2.767621528
X14_3S_N_C_1,6961,380,945,1044,863,400,241,123,117,414,301,314,161,12,513,26,384,228,35,7,107,30,22,B1,S03,2014,0,1,1,18180.83484,17998.79742,0,0,2.454915268,4.8024546,2.347539332,1.358553241,2.757486497
X14_4N_H_N_2,5451,304,713,908,720,320,181,62,102,279,430,179,152,12,306,22,238,194,39,8,83,4,14,B2,N04,2014,1,2,0,13021.23204,13021.23205,0,0,1.816507493,3.330188961,1.513681468,1.342748843,3.001070602
X14_4S_H_C_2,5859,485,858,1003,649,264,237,77,112,305,418,154,156,11,371,26,263,274,58,9,136,29,19,B2,S04,2014,1,2,1,18656.9887,18493.29731,0,0,3.157429217,6.39473987,3.237310653,1.850455247,2.998483796
X14_5N_H_N_0,5773,269,713,1186,743,334,206,33,94,320,347,129,213,15,268,30,207,168,28,8,82,6,10,B2,N05,2014,1,0.5,0,12997.11406,12997.11406,0,0,2.781196005,5.723576506,2.942380501,1.537065972,2.24337963
X14_5S_H_C_0,5488,417,744,1019,718,258,192,45,105,326,348,142,119,13,355,24,273,249,39,7,116,42,21,B2,S05,2014,1,0.5,1,19775.52323,19609.60883,0,0,1.456727422,2.358589323,0.901861901,1.629039352,2.186157407
X14_6N_N_N_1,6110,291,865,1004,759,334,236,100,84,344,225,217,186,17,363,34,333,172,43,7,89,9,16,B2,N06,2014,0,1,0,15236.28806,15236.28806,0,0,1.681880455,3.797752721,2.115872266,1.426597222,2.39427662
X14_6S_N_C_1,4775,360,611,758,645,224,161,56,98,287,335,167,95,8,399,14,233,236,37,5,93,24,20,B2,S06,2014,0,1,1,19368.6069,19368.6069,0,0,2.570581463,3.833724125,1.263142663,1.090318287,2.528171296
X14_7N_H_N_2,6486,297,837,1296,868,391,248,61,98,376,300,206,166,17,327,37,301,203,35,10,100,4,16,B1,N07,2014,1,2,0,19025.7815,19025.7815,0,0,2.199665195,2.788308481,0.588643286,1.317476852,2.893917824
X14_7S_H_C_2,5648,334,789,1054,690,193,218,87,96,356,297,266,91,14,328,21,293,208,36,11,109,17,14,B1,S07,2014,1,2,1,18369.78181,18369.78182,0,0,3.897037312,5.405006375,1.507969063,1.60244213,3.16916088
X14_8N_N_N_0,5987,217,790,1102,782,258,191,86,90,349,323,237,132,13,345,23,289,151,29,4,77,11,17,B1,N08,2014,0,0.5,0,12358.03452,12358.03452,0,0,2.390861447,3.413402148,1.022540701,2.167326389,2.244265046
X14_8S_N_C_0,6574,637,920,1167,726,240,229,114,107,457,327,248,141,8,461,20,356,280,76,13,155,109,28,B1,S08,2014,0,0.5,1,26208.21282,26001.3902,0,0,2.347738613,4.217038821,1.869300209,1.399045139,2.352534722
X14_9N_N_N_2,6574,534,929,1069,712,322,229,108,127,447,319,276,140,16,317,27,383,324,58,8,145,17,21,B1,N09,2014,0,2,0,19656.44129,19482.41392,0,0,4.581271229,7.731736223,3.150464994,2.116626157,2.654074074
X14_9S_N_C_2,6804,444,924,914,779,393,232,130,133,465,310,315,113,10,521,25,404,292,51,8,118,27,17,B1,S09,2014,0,2,1,15530.27976,15530.27976,0,0,4.100715684,6.504865483,2.404149799,2.968368056,3.397424769
X15_10N_H_N_1,6282,322,859,1248,832,425,241,54,105,312,324,183,155,17,356,26,304,229,41,5,120,2,21,B2,N10,2015,1,1,0,NA,NA,NA,NA,4.268549154,6.658170142,2.389620988,3.052222222,4.374444444
X15_10S_H_C_1,6427,475,728,1110,856,458,243,93,150,367,290,231,139,18,430,25,279,221,69,9,126,20,20,B2,S10,2015,1,1,1,15313.52695,15048.37602,0,0,4.603416513,5.74615698,1.142740467,2.078888889,3.435555556
X15_11N_N_N_0,5920,735,728,652,736,442,209,111,117,320,309,294,120,17,404,26,332,262,97,12,161,70,36,B2,N11,2015,0,0.5,0,13382.33871,13160.80972,0,0,3.456203697,5.193363757,1.73716006,2.939259259,4.287037037
X15_11S_N_C_0,7153,707,999,827,672,548,248,207,164,418,250,327,124,20,486,32,456,286,103,14,152,57,38,B2,S11,2015,0,0.5,1,19506.05162,19506.05162,0,0,5.232480492,7.491328366,2.258847874,2.545555556,3.605555556
X15_12N_N_N_2,6560,262,845,1083,851,349,256,152,101,368,325,238,97,13,418,37,342,120,37,7,57,5,11,B2,N12,2015,0,2,0,15101.88254,15101.88254,0,0,4.31891048,5.258390924,0.939480444,2.832222222,3.296666667
X15_12S_N_C_2,6844,712,865,1025,742,452,252,175,105,431,279,409,89,15,409,34,375,321,129,15,147,49,42,B2,S12,2015,0,2,1,21731.07156,20752.46728,207.6755055,0.010007268,5.929599552,7.933265895,2.003666343,3.293333333,1.911111111
X15_13N_N_N_0,6619,760,988,905,631,324,231,162,110,413,278,281,109,20,462,32,403,271,114,16,170,53,30,B3,N13,2015,0,0.5,0,21762.21575,21366.28755,0,0,4.028948984,5.788693151,1.759744167,3.848888889,7.217777778
X15_13S_N_C_0,7004,558,972,963,824,446,265,116,145,506,357,238,147,15,458,38,367,235,83,9,134,21,16,B3,S13,2015,0,0.5,1,19995.51792,19581.38183,0,0,4.416238224,6.64358445,2.227346226,3.152222222,3.802222222
X15_14N_N_N_2,7760,519,1005,1009,939,657,351,159,148,549,204,395,131,18,421,27,441,270,88,16,133,12,22,B3,N14,2015,0,2,0,14411.04297,14250.29693,0,0,4.305218781,3.799574782,-0.505644,3.295555556,5.324444444
X15_14S_N_C_2,5115,410,807,707,444,199,162,174,104,268,197,264,66,18,368,28,303,190,55,12,110,14,13,B3,S14,2015,0,2,1,16991.79067,16831.18368,0,0,4.696490354,5.481405974,0.78491562,3.448888889,4.008888889
X15_15N_H_N_0,5014,359,500,743,564,359,349,48,115,378,280,252,79,15,204,30,215,168,45,7,100,21,22,B3,N15,2015,1,0.5,0,12522.61487,12522.61487,0,0,3.286853297,5.233706683,1.946853385,3.978888889,5.281111111
X15_15S_H_C_0,4578,736,526,620,481,321,275,58,126,314,237,196,101,14,193,33,233,269,97,13,157,76,35,B3,S15,2015,1,0.5,1,15113.76917,14908.57595,0,0,5.765171517,6.769907485,1.004735968,2.454814815,4.157037037
X15_16N_H_N_1,5415,312,572,927,923,362,211,45,90,295,333,215,156,12,317,19,222,224,37,4,102,5,16,B4,N16,2015,1,1,0,NA,NA,NA,NA,4.766686469,6.297198351,1.530511882,3.704444444,2.912222222
X15_16S_H_C_1,4638,691,546,683,594,198,146,62,100,260,407,183,80,14,279,21,214,269,83,12,141,49,21,B4,S16,2015,1,1,1,13204.27596,13204.27597,0,0,6.00362475,8.507757454,2.504132705,2.542222222,5.495555556
X15_17N_N_N_2,5684,932,772,542,678,502,397,99,138,348,212,365,87,17,245,38,304,330,142,20,188,55,50,B4,N17,2015,0,2,0,20233.61479,20233.61479,0,0,3.956741846,4.556117184,0.599375338,4.072222222,1.491111111
X15_17S_N_C_2,5528,442,631,574,566,432,332,108,175,459,189,279,86,13,262,21,251,245,66,6,119,17,29,B4,S17,2015,0,2,1,17026.09831,16863.97047,0,0,7.883248895,9.80288372,1.919634826,5.79962963,3.804074074
X15_18N_H_N_0,5889,496,767,824,762,453,203,117,99,319,252,248,105,8,336,29,314,228,72,11,129,49,22,B4,N18,2015,1,0.5,0,23218.42678,22976.68739,0,0,3.459653132,4.481130468,1.021477336,4.078888889,6.702222222
X15_18S_H_C_0,4782,578,551,566,666,470,340,35,88,274,162,315,91,13,198,26,243,284,70,8,161,49,25,B4,S18,2015,1,0.5,1,18360.10646,17926.00635,0,0,4.005631596,4.012126813,0.006495216,3.532962963,3.796296296
X15_19N_N_N_1,4824,423,654,834,439,179,168,113,85,311,203,214,54,13,300,16,298,228,50,2,80,65,12,B3,N19,2015,0,1,0,NA,NA,NA,NA,3.793271203,3.84588661,0.052615407,3.884444444,4.670222222
X15_19S_N_C_1,5948,649,784,809,647,258,195,120,90,431,368,283,95,9,431,30,334,285,102,9,137,57,28,B3,S19,2015,0,1,1,18102.98782,17700.84638,0,0,5.036010119,5.940781956,0.904771837,3.225555556,3.508888889
X15_1N_H_N_1,6122,157,712,1125,902,430,251,95,107,326,296,271,133,13,324,23,270,135,13,2,58,0,10,B1,N01,2015,1,1,0,NA,NA,NA,NA,2.883275843,7.052474631,4.169198788,2.775555556,3.625555556
X15_1S_H_C_1,7482,445,1018,1185,895,646,353,99,146,435,269,324,162,17,381,37,370,211,78,19,136,17,23,B1,S01,2015,1,1,1,23910.08332,23425.22771,0,0,3.315731287,5.385091842,2.069360555,2.92962963,3.871851852
X15_20N_H_N_1,4568,327,560,924,530,156,139,44,86,260,350,140,100,12,263,30,211,232,31,2,99,30,20,B3,N20,2015,1,1,0,NA,NA,NA,NA,3.977104559,4.818305799,0.841201241,3.554444444,3.421111111
X15_20S_H_C_1,4382,706,551,744,500,276,317,69,76,258,281,184,61,13,202,22,225,245,80,11,156,106,21,B3,S20,2015,1,1,1,31265.00912,29696.91767,378.9535616,0.018433453,5.920537885,8.81213976,2.891601875,3.46,3.701111111
X15_21N_H_N_2,3835,439,511,509,510,285,238,54,73,242,153,195,81,11,224,25,186,191,66,13,124,20,18,B3,N21,2015,1,2,0,17599.47437,17394.35799,0,0,4.134832014,5.356797118,1.221965104,2.465925926,4.572592593
X15_21S_H_C_2,3795,635,572,426,467,217,202,101,75,221,144,195,59,10,191,26,224,244,91,14,144,59,20,B3,S21,2015,1,2,1,25526.29647,25060.03459,0,0,4.15201919,3.925304198,-0.226714991,3.524444444,5.697777778
X15_22N_H_N_2,6606,351,900,872,781,485,258,117,135,347,238,265,137,17,455,44,386,170,62,11,101,12,21,B4,N22,2015,1,2,0,30335.91164,29763.1258,0,0,4.019482853,4.488555676,0.469072822,3.683333333,6.542222222
X15_22S_H_C_2,4669,617,607,649,601,358,310,76,88,292,155,227,78,12,215,28,225,281,88,12,149,41,38,B4,S22,2015,1,2,1,28082.72791,27573.48735,0,0,4.046988223,4.05458777,0.007599547,2.815555556,5.266666667
X15_23N_N_N_1,5975,538,865,983,691,229,194,105,119,386,279,239,103,7,455,26,389,370,50,6,165,22,28,B4,N23,2015,0,1,0,NA,NA,NA,NA,3.912098605,5.331049986,1.418951381,4.257777778,4.866666667
X15_23S_N_C_1,5354,818,708,582,724,394,322,111,81,361,210,324,79,12,324,18,299,330,99,16,182,99,32,B4,S23,2015,0,1,1,36648.79719,35707.23857,0,0.005472374,5.61500656,7.257849893,1.642843333,2.347777778,4.621111111
X15_24N_N_N_0,5362,652,648,618,684,471,336,78,92,346,268,274,83,11,327,30,249,246,65,12,148,82,22,B4,N24,2015,0,0.5,0,30590.81784,29410.53408,287.0052661,0.020015632,3.689778803,3.653623133,-0.03615567,3.501111111,3.741111111
X15_24S_N_C_0,7172,574,956,948,766,541,279,150,163,411,327,302,130,13,504,31,388,334,88,8,146,66,28,B4,S24,2015,0,0.5,1,21205.72849,20764.38795,0,0,5.452234602,5.65739736,0.205162757,2.254444444,3.445555556
X15_2N_H_N_0,4869,278,527,921,796,326,202,52,66,225,305,170,95,9,291,20,167,176,37,5,84,1,23,B1,N02,2015,1,0.5,0,22016.44187,21686.38832,0,0,4.264235755,5.982862717,1.718626961,2.172222222,3.947777778
X15_2S_H_C_0,7168,269,797,1219,1071,515,334,98,132,448,297,240,188,11,362,33,278,154,42,8,82,6,11,B1,S02,2015,1,0.5,1,27354.56063,26638.05668,0,0,2.607692191,4.722027049,2.114334858,2.103333333,4.352222222
X15_3N_N_N_1,7152,301,994,1062,866,483,272,103,130,492,220,238,169,9,522,28,412,217,41,2,89,5,15,B1,N03,2015,0,1,0,NA,NA,NA,NA,2.992787304,3.590050613,0.597263309,2.512222222,2.691111111
X15_3S_N_C_1,7441,692,878,1123,908,478,293,140,137,568,311,353,153,12,493,26,350,307,94,14,133,50,35,B1,S03,2015,0,1,1,22376.04379,19985.98949,1108.983605,0.055488051,4.16246578,5.00200289,0.83953711,2.335555556,4.363333333
X15_4N_H_N_2,6883,630,988,1020,730,372,215,144,124,446,353,318,124,21,359,36,429,266,81,19,170,8,18,B2,N04,2015,1,2,0,12683.30208,12683.30208,0,0,4.34669308,5.889702589,1.543009509,1.513333333,2.593333333
X15_4S_H_C_2,7225,476,982,993,861,482,280,130,141,518,285,257,167,16,407,25,360,218,84,13,123,20,23,B2,S04,2015,1,2,1,18001.89729,18001.89729,0,0,5.055155543,7.505960727,2.450805184,2.798888889,3.172222222
X15_5N_H_N_0,5327,484,483,897,891,283,175,59,117,282,413,237,148,8,325,18,188,222,57,10,131,8,22,B2,N05,2015,1,0.5,0,12304.62817,12304.62818,0,0,3.998200346,6.652709467,2.654509122,2.781111111,4.762222222
X15_5S_H_C_0,5647,428,682,928,721,318,203,90,100,334,384,207,111,11,308,22,251,212,77,8,104,31,28,B2,S05,2015,1,0.5,1,17707.11666,17402.22299,0,0,3.940678168,4.824919982,0.884241814,2.263333333,2.375555556
X15_6N_N_N_1,7037,394,912,1107,945,459,244,106,107,466,255,310,132,13,442,18,415,287,44,1,115,13,31,B2,N06,2015,0,1,0,NA,NA,NA,NA,4.432434721,6.135988057,1.703553337,1.977777778,2.824444444
X15_6S_N_C_1,6566,331,848,1023,899,280,250,147,105,454,326,287,96,15,480,21,312,164,53,5,81,40,20,B2,S06,2015,0,1,1,17025.08538,16809.85202,0,0,4.5099979,5.075417297,0.565419397,3.371111111,4.2
X15_7N_H_N_2,6780,703,905,1123,854,373,255,103,116,438,255,280,151,10,461,29,345,322,91,22,184,33,39,B1,N07,2015,1,2,0,32159.27853,31405.14762,213.811138,0.006808156,5.460870514,7.423955875,1.963085362,2.321111111,4.702222222
X15_7S_H_C_2,7116,667,911,952,941,416,274,91,138,510,247,358,130,16,512,37,325,252,62,18,149,71,20,B1,S07,2015,1,2,1,18519.29175,18067.98262,0,0,5.318633149,7.150244586,1.831611436,2.222222222,3.648888889
X15_8N_N_N_0,6473,721,836,1025,698,350,233,142,125,396,328,287,140,15,440,35,321,244,85,19,165,31,20,B1,N08,2015,0,0.5,0,16406.11759,16010.54053,0,0,4.373774502,6.15575179,1.781977288,2.211481481,2.732592593
X15_8S_N_C_0,6212,735,804,1013,755,324,226,120,111,423,348,244,100,11,378,33,307,299,101,12,152,55,28,B1,S08,2015,0,0.5,1,18430.82828,18430.82828,0,0,4.546160147,6.529943224,1.983783077,3.354444444,4.446666667
X15_9N_N_N_2,6788,397,898,1060,750,332,218,188,112,436,262,307,99,20,403,33,361,192,62,9,105,15,23,B1,N09,2015,0,2,0,11776.19143,11776.19143,0,0,4.9563897,7.210201213,2.253811513,4.653703704,4.647037037
X15_9S_N_C_2,6765,715,924,930,712,337,265,151,141,467,302,325,86,17,465,28,364,251,81,12,141,69,21,B1,S09,2015,0,2,1,15345.62565,14820.69279,0,0,5.190731337,5.846736455,0.656005118,4.921111111,3.718888889
X16_10N_H_N_1,6107,417,906,879,756,553,331,76,108,339,312,242,150,13,301,27,297,201,48,9,121,6,14,B2,N10,2016,1,1,0,28021.55537,26340.11351,426.4859114,0.048762364,1.877138779,3.420167619,1.54302884,2.4075,3.80125
X16_10S_H_C_1,7469,706,1009,874,747,570,299,204,124,468,241,440,120,10,514,31,442,306,90,20,154,36,31,B2,S10,2016,1,1,1,41873.53043,38222.36014,1307.3065,0.074883592,2.939524471,5.239856793,2.300332322,2.85875,3.965
X16_11N_N_N_0,6993,481,872,936,936,546,312,135,116,435,255,319,137,16,533,33,332,236,65,13,141,18,25,B2,N11,2016,0,0.5,0,30063.70063,27601.80346,1263.541414,0.080241976,2.652060063,4.17897207,1.526912006,3.195,5.725
X16_11S_N_C_0,5112,326,582,736,763,629,279,65,71,244,205,221,81,17,214,27,235,192,36,11,87,6,28,B2,S11,2016,0,0.5,1,48799.10414,43041.65067,3230.038549,0.124465632,3.462248044,4.914262402,1.452014358,2.556875,3.84375
X16_12N_N_N_2,7244,505,995,931,856,580,293,184,122,432,291,300,105,12,551,35,355,242,93,14,109,5,25,B2,N12,2016,0,2,0,51293.77247,45992.32786,2022.993438,0.087114975,3.504558608,4.804165449,1.267082219,2.921875,4.50375
X16_12S_N_C_2,6394,402,711,961,885,558,267,83,113,395,221,238,146,13,380,29,295,211,64,7,103,12,35,B2,S12,2016,0,2,1,52663.63653,47871.58927,1870.388738,0.083514072,3.617613697,4.219784434,0.602170738,3.01125,4.253125
X16_13N_N_N_0,6898,442,778,1015,1019,833,412,108,87,373,195,365,108,15,298,26,324,277,69,11,113,2,37,B3,N13,2016,0,0.5,0,85265.38092,71136.44322,9072.812155,0.171046671,1.998544804,4.121203782,2.271117007,3.28875,4.474375
X16_13S_N_C_0,7041,773,953,855,781,549,287,154,116,497,255,330,125,16,437,34,399,307,98,19,176,38,34,B3,S13,2016,0,0.5,1,22281.05421,21064.50384,363.333579,0.035773203,3.576238199,5.142182291,1.565944092,3.146875,6.18625
X16_14N_N_N_2,7880,751,1045,917,942,675,385,144,144,634,154,349,167,14,445,26,422,310,94,17,180,29,27,B3,N14,2016,0,2,0,32492.46223,29677.51754,1583.778134,0.079963875,2.918539102,3.657439132,0.73890003,3.18875,7.393125
X16_14S_N_C_2,6981,528,912,937,756,525,366,146,92,532,171,345,135,12,389,19,450,213,82,15,120,38,20,B3,S14,2016,0,2,1,74682.47043,63114.05426,5938.136693,0.136912424,5.885624388,4.116152589,-1.769471799,4.905,9.270625
X16_15N_H_N_0,5382,240,605,987,731,432,260,63,89,267,294,265,98,16,205,24,225,134,40,8,76,1,13,B3,N15,2016,1,0.5,0,62373.65264,53027.50418,2750.337825,0.090057997,8.167023922,4.040475628,0.343415291,3.5025,6.196875
X16_15S_H_C_0,5198,503,564,879,631,483,246,70,100,288,254,222,95,12,222,31,236,286,58,12,143,38,29,B3,S15,2016,1,0.5,1,15263.73358,13901.80055,1179.05614,0.097968103,4.762250913,6.925806988,1.889302953,3.42,5.164375
X16_16N_H_N_1,6085,280,751,1047,845,429,291,88,97,281,365,285,163,14,295,36,278,167,37,10,103,3,14,B4,N16,2016,1,1,0,23132.07938,20509.93642,1778.366833,0.11330887,2.956108142,5.72256754,2.766459398,3.275625,5.935625
X16_16S_H_C_1,6526,544,907,714,725,544,270,121,122,340,318,297,110,16,407,29,359,258,72,11,134,32,24,B4,S16,2016,1,1,1,21616.29435,20686.84978,285.310674,0.034588814,4.997933373,4.733388716,-0.284942256,3.015625,7.296875
X16_17N_N_N_2,7502,538,992,952,983,888,370,153,112,392,201,356,110,19,441,36,358,279,69,16,147,20,26,B4,N17,2016,0,2,0,49186.69955,42950.67285,2708.399167,0.106688482,4.650110007,5.962491547,1.418901286,4.0825,3.874375
X16_17S_N_C_2,7701,495,948,922,885,772,364,145,158,489,158,350,137,13,478,27,452,261,63,10,115,26,33,B4,S17,2016,0,2,1,39877.80065,32959.39826,2480.637096,0.122178237,7.270352883,7.111962666,-0.158390218,4.333125,5.328125
X16_18N_H_N_0,5516,533,644,831,733,398,231,60,105,275,319,246,93,9,286,27,302,238,73,11,137,20,24,B4,N18,2016,1,0.5,0,21008.12703,19465.09134,570.7074064,0.051379285,3.200361532,4.727111023,1.52674949,3.144375,6.61625
X16_18S_H_C_0,6264,358,740,911,1042,660,340,90,73,305,209,299,132,12,280,24,285,194,34,13,85,0,18,B4,S18,2016,1,0.5,1,26433.05035,23806.63836,1567.579912,0.09935211,4.071375817,4.352051493,-0.051989773,4.773125,5.961875
X16_19N_N_N_1,6235,611,882,961,705,413,313,120,103,415,314,255,102,14,313,27,339,291,76,11,143,51,34,B3,N19,2016,0,1,0,29474.70366,27512.46857,640.8776917,0.051209101,2.447984797,2.212237376,-0.136390371,3.59625,5.863125
X16_19S_N_C_1,5678,594,601,797,918,486,262,97,76,348,238,267,124,9,314,14,201,251,71,7,120,25,31,B3,S19,2016,0,1,1,33171.27411,29983.79775,1849.396781,0.092917214,3.791267026,3.884166102,0.236965722,4.355,9.455625
X16_1N_H_N_1,5727,250,682,788,929,537,302,87,97,302,300,244,123,13,251,22,276,166,36,6,77,1,15,B1,N01,2016,1,1,0,34430.74416,33061.45364,475.9256292,0.014395182,3.461467869,5.561766219,1.893960067,2.983125,6.515
X16_1S_H_C_1,7554,631,931,1073,929,796,396,168,125,500,209,397,136,15,415,25,359,262,75,12,158,22,23,B1,S01,2016,1,1,1,10946.90247,10748.05539,0,0,2.395581001,3.644140329,1.326533438,3.425625,4.1075
X16_20N_H_N_1,6299,451,746,1201,828,402,275,84,107,383,346,241,109,14,275,29,288,249,66,9,138,26,21,B3,N20,2016,1,1,0,17579.95052,16763.26132,452.6551131,0.048718992,2.934838437,3.840402113,0.371458832,3.745,4.8575
X16_20S_H_C_1,6540,691,870,937,647,418,287,129,118,439,220,278,151,12,425,31,360,262,94,10,144,55,27,B3,S20,2016,1,1,1,108759.3781,69349.408,28737.60589,0.439942143,4.801597363,6.456012708,1.260670761,3.68125,4.679375
X16_21N_H_N_2,6236,705,840,987,683,427,287,99,104,332,210,281,109,16,370,35,361,265,88,15,140,71,26,B3,N21,2016,1,2,0,26853.73611,24762.06593,900.2449478,0.066644853,3.280406389,5.195721639,1.868969738,3.579375,5.89125
X16_21S_H_C_2,6932,599,854,988,786,630,392,136,103,453,181,377,108,15,403,25,354,246,99,18,125,63,27,B3,S21,2016,1,2,1,45895.73225,41049.04172,2075.980403,0.088746445,5.019424475,5.770138283,0.750713808,4.605625,8.239375
X16_22N_H_N_2,6774,698,938,1106,808,418,278,138,118,398,296,253,133,21,395,41,325,275,106,17,170,15,26,B4,N22,2016,1,2,0,30013.63104,28134.29458,706.54279,0.043925402,3.41758423,5.272122589,1.806496522,4.361875,7.92
X16_22S_H_C_2,7110,733,890,863,993,633,337,122,136,485,231,369,148,10,408,28,347,314,78,12,166,34,37,B4,S22,2016,1,2,1,52643.06731,48616.41659,1466.66618,0.068101077,3.72805471,4.86720474,1.139150031,3.45375,6.460625
X16_23N_N_N_1,6468,382,846,953,826,436,289,142,91,414,292,303,101,12,394,30,351,217,52,6,101,9,23,B4,N23,2016,0,1,0,41621.25986,38421.02577,1103.065827,0.061983631,3.379746921,4.661011252,1.281264331,4.28875,5.28625
X16_23S_N_C_1,6456,523,904,890,663,458,298,124,111,438,180,319,107,9,389,21,385,200,79,17,119,67,27,B4,S23,2016,0,1,1,59339.36557,53462.28476,1565.079109,0.077071525,4.128900418,4.951564086,0.822663668,4.860625,6.388125
X16_24N_N_N_0,6445,522,803,927,787,444,305,152,147,406,312,334,106,14,369,28,272,211,61,18,120,20,19,B4,N24,2016,0,0.5,0,59300.15235,49403.42385,6467.522816,0.171705817,2.949296479,5.855045969,2.90574949,3.13375,4.886875
X16_24S_N_C_0,6824,583,931,862,720,575,328,123,145,431,230,312,140,14,469,30,381,225,67,16,129,36,25,B4,S24,2016,0,0.5,1,58256.99501,52096.78654,2555.373229,0.094255262,4.297711272,5.67111209,1.373400818,3.549375,4.165625
X16_2N_H_N_0,7031,406,845,1013,898,777,383,77,120,394,314,244,167,15,321,30,298,195,39,11,98,6,23,B1,N02,2016,1,0.5,0,17843.51233,17429.82574,139.3002907,0.007992064,2.650821737,4.075644107,1.337954688,2.284375,4.17375
X16_2S_H_C_0,7558,202,958,1109,960,646,378,155,135,456,261,336,156,11,476,26,330,122,23,7,59,2,10,B1,S02,2016,1,0.5,1,25533.04251,25533.0425,0,0,2.49686516,3.730335726,1.233470566,2.3875,3.881875
X16_3N_N_N_1,6802,752,983,770,656,550,353,175,107,466,266,334,91,11,378,29,439,326,75,17,179,51,31,B1,N03,2016,0,1,0,24902.01808,24588.95088,0,0,1.520767571,2.785725708,1.264958137,2.205,3.19125
X16_3S_N_C_1,7807,705,1080,1012,802,643,338,226,167,525,252,358,142,15,532,34,397,285,79,16,159,30,27,B1,S03,2016,0,1,1,23186.11818,21932.70414,639.5837071,0.04949578,2.352283323,3.540372889,1.188089567,2.794375,4.663125
X16_4N_H_N_2,6877,494,832,893,913,790,324,104,113,407,231,341,108,16,354,28,362,200,64,25,137,8,19,B2,N04,2016,1,2,0,36847.47011,32336.17064,3152.960015,0.125632373,1.985941826,3.484696239,1.498754412,2.504375,4.03875
X16_4S_H_C_2,6386,571,841,857,676,546,406,108,107,394,333,288,93,18,299,34,349,227,71,22,119,28,27,B2,S04,2016,1,2,1,17449.35434,16922.53437,404.2049599,0.031131269,3.073680942,3.604498552,0.530817609,2.4475,4.73375
X16_5N_H_N_0,6923,497,736,992,987,643,291,64,129,435,265,254,186,14,373,28,323,244,58,12,112,15,23,B2,N05,2016,1,0.5,0,17234.61471,16178.21199,556.2397164,0.053831833,2.211502442,2.610322973,0.398820532,2.991875,3.639375
X16_5S_H_C_0,6680,443,787,952,793,573,326,140,108,388,285,270,108,16,349,30,367,202,57,8,98,13,18,B2,S05,2016,1,0.5,1,29924.76097,26498.45357,2231.829892,0.120817847,3.182073812,4.43836043,1.256286619,2.42625,3.7175
X16_6N_N_N_1,6535,606,827,911,848,572,327,141,93,400,274,327,105,17,328,23,374,324,92,7,135,15,46,B2,N06,2016,0,1,0,18901.63237,17778.49087,737.7292378,0.063174176,2.928629806,3.400727295,0.472097488,2.535625,3.79375
X16_6S_N_C_1,6207,584,799,812,688,392,298,120,137,439,248,257,127,9,441,21,332,220,62,17,95,38,26,B2,S06,2016,0,1,1,31369.48232,29285.492,682.1179761,0.054935922,3.717657541,4.538007035,0.820349494,2.34,4.260625
X16_7N_H_N_2,6344,362,755,852,772,512,244,185,106,406,263,382,88,13,384,23,330,166,35,15,94,2,17,B1,N07,2016,1,2,0,52033.89289,44838.50546,4300.179302,0.136894413,3.755088111,6.375643923,2.620555811,3.805625,8.049375
X16_7S_H_C_2,6410,483,744,898,800,653,286,115,131,372,184,291,94,24,386,39,281,263,62,16,140,15,28,B1,S07,2016,1,2,1,80480.06383,69940.58727,5763.747696,0.129769902,4.098995008,5.996475302,1.897480295,3.226875,5.926875
X16_8N_N_N_0,7944,672,1014,889,897,685,335,194,136,542,210,378,154,15,579,29,461,288,98,19,131,25,34,B1,N08,2016,0,0.5,0,56301.57796,47312.1126,6063.191113,0.166197952,5.065224346,4.779708766,-0.28551558,2.98125,4.59625
X16_8S_N_C_0,7730,735,1023,899,873,663,339,157,148,533,191,365,147,11,554,29,415,319,103,17,158,18,33,B1,S08,2016,0,0.5,1,41451.26032,37517.52483,1288.463357,0.07177293,3.166440372,4.772793631,1.923903482,2.57125,4.694375
X16_9N_N_N_2,7579,780,1002,951,850,748,335,153,155,471,213,353,98,14,543,35,416,322,119,16,172,44,44,B1,N09,2016,0,2,0,59124.57183,48566.59583,6452.59155,0.179311422,3.580749362,4.816947092,1.076191626,4.138125,4.6375
X16_9S_N_C_2,6934,401,874,957,899,556,274,126,129,430,278,316,133,13,475,30,334,229,45,12,106,6,25,B1,S09,2016,0,2,1,26828.27844,25348.3916,405.0785164,0.042583111,3.594675521,4.729700546,1.135025025,3.83,5.97375
